SCHOONLOO,;DRENTHE
GROLLOO,;DRENTHE
VREDENHEIM,;DRENTHE
AMEN,;DRENTHE
PAPENVOORT,;DRENTHE
MARWIJKSOORD,;DRENTHE
NOOITGEDACHT,;DRENTHE
ROLDE,;DRENTHE
NIJLANDE,;DRENTHE
ELDERSLOO,;DRENTHE
EKEHAAR,;DRENTHE
GEELBROEK,;DRENTHE
ELEVELD,;DRENTHE
DEURZE,;DRENTHE
BALLOO,;DRENTHE
BALLOERVELD,;DRENTHE
GIETEN,;DRENTHE
GASSELTE,;DRENTHE
EEXT,;DRENTHE
EEXTERZANDVOORT,;DRENTHE
ANDEREN,;DRENTHE
GASTEREN,;DRENTHE
ANLOO,;DRENTHE
ANNEN,;DRENTHE
SCHIPBORG,;DRENTHE
GIETERVEEN,;DRENTHE
NIEUWEDIEP,;DRENTHE
GASSELTERNIJVEEN,;DRENTHE
GASSELTERNIJVEENSCHEMOND,;DRENTHE
ANNERVEENSCHE KANAAL,;DRENTHE
OUD ANNERVEEN,;DRENTHE
SPIJKERBOOR DR,;DRENTHE
NIEUW ANNERVEEN,;DRENTHE
EEXTERVEEN,;DRENTHE
EEXTERVEENSCHE KANAAL,;DRENTHE
WIJK EN AALBURG,;NOORD-BRABANT
VEEN,;NOORD-BRABANT
GENDEREN,;NOORD-BRABANT
EETHEN,;NOORD-BRABANT
DRONGELEN,;NOORD-BRABANT
MEEUWEN,;NOORD-BRABANT
BABYLONIENBROEK,;NOORD-BRABANT
AALSMEER,;NOORD-HOLLAND
KUDELSTAART,;NOORD-HOLLAND
DINXPERLO,;GELDERLAND
DE HEURNE,;GELDERLAND
AALTEN,;GELDERLAND
HEURNE,;GELDERLAND
BREDEVOORT,;GELDERLAND
ABCOUDE,;UTRECHT
BAAMBRUGGE,;UTRECHT
SURHUISTERVEEN,;FRIESLAND
BOELENSLAAN,;FRIESLAND
HARKEMA,;FRIESLAND
SURHUIZUM,;FRIESLAND
AUGUSTINUSGA,;FRIESLAND
BUITENPOST,;FRIESLAND
TWIJZEL,;FRIESLAND
TWIJZELERHEIDE,;FRIESLAND
KOOTSTERTILLE,;FRIESLAND
DROGEHAM,;FRIESLAND
STROOBOS,;FRIESLAND
GERKESKLOOSTER,;FRIESLAND
ALBLASSERDAM,;ZUID-HOLLAND
RHOON,;ZUID-HOLLAND
ROTTERDAM ALBRANDS,;ZUID-HOLLAND
POORTUGAAL,;ZUID-HOLLAND
KAAG,;ZUID-HOLLAND
ROELOFARENDSVEEN,;ZUID-HOLLAND
OUD ADE,;ZUID-HOLLAND
RIJPWETERING,;ZUID-HOLLAND
NIEUWE WETERING,;ZUID-HOLLAND
OUDE WETERING,;ZUID-HOLLAND
DEN HAAG,;ZUID-HOLLAND
WESTLAND,;ZUID-HOLLAND
ALKMAAR,;NOORD-HOLLAND
OUDORP NH,;NOORD-HOLLAND
KOEDIJK,;NOORD-HOLLAND
ALMELO,;OVERIJSSEL
AADORP,;OVERIJSSEL
BORNERBROEK,;OVERIJSSEL
ALMERE,;FLEVOLAND
ALPHEN AAN DEN RIJN,;ZUID-HOLLAND
AARLANDERVEEN,;ZUID-HOLLAND
ZWAMMERDAM,;ZUID-HOLLAND
GALDER,;NOORD-BRABANT
STRIJBEEK,;NOORD-BRABANT
ULVENHOUT AC,;NOORD-BRABANT
BAVEL AC,;NOORD-BRABANT
CHAAM,;NOORD-BRABANT
ALPHEN NB,;NOORD-BRABANT
HOLLUM,;FRIESLAND
BALLUM,;FRIESLAND
NES AMELAND,;FRIESLAND
BUREN FR,;FRIESLAND
UTRECHT,;UTRECHT
AMERSFOORT,;UTRECHT
HOOGLAND,;UTRECHT
HOOGLANDERVEEN,;UTRECHT
STOUTENBURG NOORD,;UTRECHT
AMSTELVEEN,;NOORD-HOLLAND
AMSTERDAM,;NOORD-HOLLAND
AMSTERDAM ZUIDOOST,;NOORD-HOLLAND
ANDIJK,;NOORD-HOLLAND
ANNA PAULOWNA,;NOORD-HOLLAND
BREEZAND,;NOORD-HOLLAND
WIERINGERWAARD,;NOORD-HOLLAND
UDDEL,;GELDERLAND
APELDOORN,;GELDERLAND
UGCHELEN,;GELDERLAND
BEEMTE BROEKLAND,;GELDERLAND
WENUM WIESEL,;GELDERLAND
HOOG SOEREN,;GELDERLAND
RADIO KOOTWIJK,;GELDERLAND
HOENDERLOO,;GELDERLAND
BEEKBERGEN,;GELDERLAND
LIEREN,;GELDERLAND
LOENEN GLD,;GELDERLAND
KLARENBEEK,;GELDERLAND
APPINGEDAM,;GRONINGEN
VELDEN,;LIMBURG
LOMM,;LIMBURG
ARCEN,;LIMBURG
ARNHEM,;GELDERLAND
ASSEN,;DRENTHE
LOON,;DRENTHE
RHEE,;DRENTHE
TER AARD,;DRENTHE
ZEIJERVELD,;DRENTHE
ZEIJERVEEN,;DRENTHE
UBBENA,;DRENTHE
ASTEN,;NOORD-BRABANT
OMMEL,;NOORD-BRABANT
HEUSDEN GEM ASTEN,;NOORD-BRABANT
BAARLE NASSAU,;NOORD-BRABANT
ULICOTEN,;NOORD-BRABANT
CASTELRE,;NOORD-BRABANT
BAARN,;UTRECHT
LAGE VUURSCHE,;UTRECHT
BARENDRECHT,;ZUID-HOLLAND
BARNEVELD,;GELDERLAND
KOOTWIJKERBROEK,;GELDERLAND
KOOTWIJK,;GELDERLAND
STROE,;GELDERLAND
VOORTHUIZEN,;GELDERLAND
TERSCHUUR,;GELDERLAND
ZWARTEBROEK,;GELDERLAND
ACHTERVELD,;GELDERLAND
DE GLIND,;GELDERLAND
GARDEREN,;GELDERLAND
GRONINGEN,;GRONINGEN
BEDUM,;GRONINGEN
NOORDWOLDE GN,;GRONINGEN
ZUIDWOLDE GN,;GRONINGEN
ONDERDENDAM,;GRONINGEN
SPAUBEEK,;LIMBURG
BEEK LB,;LIMBURG
ZUIDOOSTBEEMSTER,;NOORD-HOLLAND
MIDDENBEEMSTER,;NOORD-HOLLAND
NOORDBEEMSTER,;NOORD-HOLLAND
WESTBEEMSTER,;NOORD-HOLLAND
REUVER,;LIMBURG
BEESEL,;LIMBURG
VEELERVEEN,;GRONINGEN
BELLINGWOLDE,;GRONINGEN
OUDESCHANS,;GRONINGEN
BLIJHAM,;GRONINGEN
WEDDE,;GRONINGEN
VRIESCHELOO,;GRONINGEN
BENNEBROEK,;NOORD-HOLLAND
BERKENWOUDE,;ZUID-HOLLAND
BERGAMBACHT,;ZUID-HOLLAND
AMMERSTOL,;ZUID-HOLLAND
RIETHOVEN,;NOORD-BRABANT
WESTERHOVEN,;NOORD-BRABANT
BERGEIJK,;NOORD-BRABANT
LUYKSGESTEL,;NOORD-BRABANT
AFFERDEN LB,;LIMBURG
SIEBENGEWALD,;LIMBURG
BERGEN LB,;LIMBURG
WELL LB,;LIMBURG
WELLERLOOI,;LIMBURG
BERGEN NH,;NOORD-HOLLAND
BERGEN AAN ZEE,;NOORD-HOLLAND
SCHOORL,;NOORD-HOLLAND
GROET,;NOORD-HOLLAND
EGMOND AAN ZEE,;NOORD-HOLLAND
EGMOND AAN DEN HOEF,;NOORD-HOLLAND
EGMOND-BINNEN,;NOORD-HOLLAND
BERGEN OP ZOOM,;NOORD-BRABANT
HALSTEREN,;NOORD-BRABANT
LEPELSTRAAT,;NOORD-BRABANT
EIBERGEN,;GELDERLAND
BELTRUM,;GELDERLAND
REKKEN,;GELDERLAND
NEEDE,;GELDERLAND
RIETMOLEN,;GELDERLAND
RUURLO,;GELDERLAND
BORCULO,;GELDERLAND
HAARLO,;GELDERLAND
GEESTEREN GLD,;GELDERLAND
GELSELAAR,;GELDERLAND
HEESCH,;NOORD-BRABANT
NISTELRODE,;NOORD-BRABANT
LOOSBROEK,;NOORD-BRABANT
HEESWIJK DINTHER,;NOORD-BRABANT
VORSTENBOSCH,;NOORD-BRABANT
GEERVLIET,;ZUID-HOLLAND
SIMONSHAVEN,;ZUID-HOLLAND
ZUIDLAND,;ZUID-HOLLAND
ABBENBROEK,;ZUID-HOLLAND
HEENVLIET,;ZUID-HOLLAND
OUDENHOORN,;ZUID-HOLLAND
BEST,;NOORD-BRABANT
WEURT,;GELDERLAND
BEUNINGEN GLD,;GELDERLAND
EWIJK,;GELDERLAND
WINSSEN,;GELDERLAND
BEVERWIJK,;NOORD-HOLLAND
WIJK AAN ZEE,;NOORD-HOLLAND
MIJNSHEERENLAND,;ZUID-HOLLAND
WESTMAAS,;ZUID-HOLLAND
HEINENOORD,;ZUID-HOLLAND
'S-GRAVENDEEL,;ZUID-HOLLAND
PUTTERSHOEK,;ZUID-HOLLAND
MAASDAM,;ZUID-HOLLAND
HAPERT,;NOORD-BRABANT
HOOGELOON,;NOORD-BRABANT
CASTEREN,;NOORD-BRABANT
BLADEL,;NOORD-BRABANT
NETERSEL,;NOORD-BRABANT
BLARICUM,;NOORD-HOLLAND
OVERVEEN,;NOORD-HOLLAND
BLOEMENDAAL,;NOORD-HOLLAND
AERDENHOUT,;NOORD-HOLLAND
VOGELENZANG,;NOORD-HOLLAND
AKKRUM,;FRIESLAND
TERHERNE,;FRIESLAND
NES GEM BOARNSTERHIM,;FRIESLAND
ALDEBOARN,;FRIESLAND
DEARSUM,;FRIESLAND
SIBRANDABUORREN,;FRIESLAND
GROU,;FRIESLAND
WARTEN,;FRIESLAND
WARSTIENS,;FRIESLAND
WERGEA,;FRIESLAND
EAGUM,;FRIESLAND
IDAERD,;FRIESLAND
REDUZUM,;FRIESLAND
FRIENS,;FRIESLAND
JIRNSUM,;FRIESLAND
RAERD,;FRIESLAND
POPPENWIER,;FRIESLAND
TERSOAL,;FRIESLAND
BODEGRAVEN,;ZUID-HOLLAND
NIEUWERBRUG,;ZUID-HOLLAND
BOEKEL,;NOORD-BRABANT
VENHORST,;NOORD-BRABANT
BOLSWARD,;FRIESLAND
EESERVEEN,;DRENTHE
KLIJNDIJK,;DRENTHE
VALTHE,;DRENTHE
ODOORN,;DRENTHE
ODOORNERVEEN,;DRENTHE
EXLOO,;DRENTHE
VALTHERMOND,;DRENTHE
TWEEDE VALTHERMOND,;DRENTHE
NIEUW BUINEN,;DRENTHE
DROUWENERMOND,;DRENTHE
BUINERVEEN,;DRENTHE
DROUWENERVEEN,;DRENTHE
BRONNEGERVEEN,;DRENTHE
BRONNEGER,;DRENTHE
BUINEN,;DRENTHE
BORGER,;DRENTHE
DROUWEN,;DRENTHE
WESTDORP,;DRENTHE
ELLERTSHAAR,;DRENTHE
EES,;DRENTHE
EESERGROEN,;DRENTHE
ZANDBERG DR,;DRENTHE
TWEEDE EXLOERMOND,;DRENTHE
EERSTE EXLOERMOND,;DRENTHE
EXLOERVEEN,;DRENTHE
BORNE,;OVERIJSSEL
ZENDEREN,;OVERIJSSEL
HERTME,;OVERIJSSEL
'S-GRAVENPOLDER,;ZEELAND
HOEDEKENSKERKE,;ZEELAND
KWADENDAMME,;ZEELAND
BAARLAND,;ZEELAND
OUDELANDE,;ZEELAND
ELLEWOUTSDIJK,;ZEELAND
DRIEWEGEN,;ZEELAND
OVEZANDE,;ZEELAND
NISSE,;ZEELAND
'S-HEER ABTSKERKE,;ZEELAND
HEINKENSZAND,;ZEELAND
'S-HEERENHOEK,;ZEELAND
BORSSELE,;ZEELAND
NIEUWDORP ZLD,;ZEELAND
LEWEDORP,;ZEELAND
BOSKOOP,;ZUID-HOLLAND
OEFFELT,;NOORD-BRABANT
RIJKEVOORT,;NOORD-BRABANT
VIERLINGSBEEK,;NOORD-BRABANT
MAASHEES,;NOORD-BRABANT
HOLTHEES,;NOORD-BRABANT
OVERLOON,;NOORD-BRABANT
GROENINGEN,;NOORD-BRABANT
VORTUM MULLEM,;NOORD-BRABANT
BOXMEER,;NOORD-BRABANT
BEUGEN,;NOORD-BRABANT
SAMBEEK,;NOORD-BRABANT
BOXTEL,;NOORD-BRABANT
LIEMPDE,;NOORD-BRABANT
BREDA,;NOORD-BRABANT
PRINSENBEEK,;NOORD-BRABANT
TETERINGEN,;NOORD-BRABANT
ULVENHOUT,;NOORD-BRABANT
BAVEL,;NOORD-BRABANT
BREUKELEN UT,;UTRECHT
NIEUWER TER AA,;UTRECHT
KOCKENGEN,;UTRECHT
BRIELLE,;ZUID-HOLLAND
VIERPOLDERS,;ZUID-HOLLAND
ZWARTEWAAL,;ZUID-HOLLAND
DREMPT,;GELDERLAND
HOOG KEPPEL,;GELDERLAND
LAAG KEPPEL,;GELDERLAND
HUMMELO,;GELDERLAND
ZELHEM,;GELDERLAND
HALLE,;GELDERLAND
STEENDEREN,;GELDERLAND
BAAK,;GELDERLAND
RHA,;GELDERLAND
OLBURGEN,;GELDERLAND
BRONKHORST,;GELDERLAND
TOLDIJK,;GELDERLAND
VIERAKKER,;GELDERLAND
WICHMOND,;GELDERLAND
VORDEN,;GELDERLAND
HENGELO GLD,;GELDERLAND
KEIJENBORG,;GELDERLAND
EERBEEK,;GELDERLAND
HALL,;GELDERLAND
BRUMMEN,;GELDERLAND
LEUVENHEIM,;GELDERLAND
TONDEN,;GELDERLAND
EMPE,;GELDERLAND
BRUNSSUM,;LIMBURG
BUNNIK,;UTRECHT
ODIJK,;UTRECHT
WERKHOVEN,;UTRECHT
BUNSCHOTEN SPAKENBURG,;UTRECHT
EEMDIJK,;UTRECHT
ZOELEN,;GELDERLAND
KERK AVEZAATH,;GELDERLAND
KAPEL AVEZAATH BUREN,;GELDERLAND
MAURIK,;GELDERLAND
RIJSWIJK GLD,;GELDERLAND
ECK EN WIEL,;GELDERLAND
INGEN,;GELDERLAND
OMMEREN,;GELDERLAND
LIENDEN,;GELDERLAND
ZOELMOND,;GELDERLAND
BEUSICHEM,;GELDERLAND
ASCH,;GELDERLAND
BUREN GLD,;GELDERLAND
ERICHEM,;GELDERLAND
RAVENSWAAIJ,;GELDERLAND
BUSSUM,;NOORD-HOLLAND
CAPELLE AAN DEN IJSSEL,;ZUID-HOLLAND
DE WOUDE,;NOORD-HOLLAND
CASTRICUM,;NOORD-HOLLAND
LIMMEN,;NOORD-HOLLAND
AKERSLOOT,;NOORD-HOLLAND
COEVORDEN,;DRENTHE
DALEN,;DRENTHE
DALERPEEL,;DRENTHE
WACHTUM,;DRENTHE
DALERVEEN,;DRENTHE
STIELTJESKANAAL,;DRENTHE
SLEEN,;DRENTHE
DIPHOORN,;DRENTHE
ERM,;DRENTHE
HOLSLOOT,;DRENTHE
NOORD SLEEN,;DRENTHE
'T HAANTJE,;DRENTHE
SCHOONOORD,;DRENTHE
DE KIEL,;DRENTHE
ZWEELOO,;DRENTHE
WEZUP,;DRENTHE
WEZUPERBRUG,;DRENTHE
AALDEN,;DRENTHE
MEPPEN,;DRENTHE
BENNEVELD,;DRENTHE
OOSTERHESSELEN,;DRENTHE
GEES,;DRENTHE
ZWINDEREN,;DRENTHE
GEESBRUG,;DRENTHE
NIEUWLANDE COEVORDEN,;DRENTHE
BUDEL,;NOORD-BRABANT
BUDEL-SCHOOT,;NOORD-BRABANT
BUDEL DORPLEIN,;NOORD-BRABANT
MAARHEEZE,;NOORD-BRABANT
SOERENDONK,;NOORD-BRABANT
GASTEL,;NOORD-BRABANT
NUMANSDORP,;ZUID-HOLLAND
KLAASWAAL,;ZUID-HOLLAND
CUIJK,;NOORD-BRABANT
KATWIJK NB,;NOORD-BRABANT
VIANEN NB,;NOORD-BRABANT
SINT AGATHA,;NOORD-BRABANT
BEERS NB,;NOORD-BRABANT
LINDEN,;NOORD-BRABANT
HAPS,;NOORD-BRABANT
CULEMBORG,;GELDERLAND
NIEUWLEUSEN,;OVERIJSSEL
DALFSEN,;OVERIJSSEL
LEMELERVELD,;OVERIJSSEL
ROODKERK,;FRIESLAND
DAMWOUDE,;FRIESLAND
RINSUMAGEEST,;FRIESLAND
SIJBRANDAHUIS,;FRIESLAND
BROEKSTERWOUDE,;FRIESLAND
DE VALOM,;FRIESLAND
WOUTERSWOUDE,;FRIESLAND
DRIESUM,;FRIESLAND
VEENWOUDEN,;FRIESLAND
ZWAAGWESTEINDE,;FRIESLAND
WESTBROEK,;UTRECHT
BILTHOVEN,;UTRECHT
DE BILT,;UTRECHT
GROENEKAN,;UTRECHT
MAARTENSDIJK,;UTRECHT
HOLLANDSCHE RADING,;UTRECHT
MENSINGEWEER,;GRONINGEN
SCHOUWERZIJL,;GRONINGEN
WARFHUIZEN,;GRONINGEN
WEHE DEN HOORN,;GRONINGEN
LEENS,;GRONINGEN
ZUURDIJK,;GRONINGEN
EENRUM,;GRONINGEN
PIETERBUREN,;GRONINGEN
WESTERNIELAND,;GRONINGEN
ULRUM,;GRONINGEN
NIEKERK DE MARNE,;GRONINGEN
HOUWERZIJL,;GRONINGEN
ZOUTKAMP,;GRONINGEN
VIERHUIZEN,;GRONINGEN
LAUWERSOOG,;GRONINGEN
KLOOSTERBUREN,;GRONINGEN
HORNHUIZEN,;GRONINGEN
DE HOEF,;UTRECHT
AMSTELHOEK,;UTRECHT
MIJDRECHT,;UTRECHT
VINKEVEEN,;UTRECHT
WAVERVEEN,;UTRECHT
WILNIS,;UTRECHT
DROGTEROPSLAGEN,;DRENTHE
ZUIDWOLDE DR,;DRENTHE
VEENINGEN,;DRENTHE
LINDE DR,;DRENTHE
KERKENVELD,;DRENTHE
ALTEVEER GEM DE WOLDEN,;DRENTHE
ECHTEN DR,;DRENTHE
EURSINGE GEM DE WOLDEN,;DRENTHE
DE WIJK,;DRENTHE
KOEKANGE,;DRENTHE
RUINERWOLD,;DRENTHE
RUINEN,;DRENTHE
ANSEN,;DRENTHE
DELFT,;ZUID-HOLLAND
KREWERD,;GRONINGEN
HOLWIERDE,;GRONINGEN
BIERUM,;GRONINGEN
LOSDORP,;GRONINGEN
GODLINZE,;GRONINGEN
SPIJK GN,;GRONINGEN
DELFZIJL,;GRONINGEN
FARMSUM,;GRONINGEN
MEEDHUIZEN,;GRONINGEN
WAGENBORGEN,;GRONINGEN
WOLDENDORP,;GRONINGEN
TERMUNTEN,;GRONINGEN
TERMUNTERZIJL,;GRONINGEN
BORGSWEER,;GRONINGEN
DEN HELDER,;NOORD-HOLLAND
DEURNE,;NOORD-BRABANT
VLIERDEN,;NOORD-BRABANT
LIESSEL,;NOORD-BRABANT
NEERKANT,;NOORD-BRABANT
HELENAVEEN,;NOORD-BRABANT
DEVENTER,;OVERIJSSEL
COLMSCHATE,;OVERIJSSEL
DIEPENVEEN,;OVERIJSSEL
SCHALKHAAR,;OVERIJSSEL
LETTELE,;OVERIJSSEL
OKKENBROEK,;OVERIJSSEL
BATHMEN,;OVERIJSSEL
DIEMEN,;NOORD-HOLLAND
DEURNINGEN,;OVERIJSSEL
DENEKAMP,;OVERIJSSEL
WEERSELO,;OVERIJSSEL
ROSSUM OV,;OVERIJSSEL
SAASVELD,;OVERIJSSEL
OOTMARSUM,;OVERIJSSEL
TILLIGTE,;OVERIJSSEL
LATTROP BREKLENKAMP,;OVERIJSSEL
AGELO,;OVERIJSSEL
OUD OOTMARSUM,;OVERIJSSEL
NUTTER,;OVERIJSSEL
DIRKSLAND,;ZUID-HOLLAND
MELISSANT,;ZUID-HOLLAND
HERKINGEN,;ZUID-HOLLAND
DOESBURG,;GELDERLAND
DOETINCHEM,;GELDERLAND
GAANDEREN,;GELDERLAND
WEHL,;GELDERLAND
DONGEN,;NOORD-BRABANT
'S GRAVENMOER,;NOORD-BRABANT
DOKKUM,;FRIESLAND
AALZUM,;FRIESLAND
WETZENS,;FRIESLAND
METSLAWIER,;FRIESLAND
JOUSWIER,;FRIESLAND
OOSTRUM FR,;FRIESLAND
EE,;FRIESLAND
ENGWIERUM,;FRIESLAND
ANJUM,;FRIESLAND
LIOESSENS,;FRIESLAND
MORRA,;FRIESLAND
PAESENS,;FRIESLAND
OOSTERNIJKERK,;FRIESLAND
NIAWIER,;FRIESLAND
WIERUM,;FRIESLAND
MODDERGAT,;FRIESLAND
NES GEM DONGERADEEL,;FRIESLAND
HANTUMHUIZEN,;FRIESLAND
TERNAARD,;FRIESLAND
HANTUMERUITBUREN,;FRIESLAND
HANTUM,;FRIESLAND
HIAURE,;FRIESLAND
HOLWERD,;FRIESLAND
WAAXENS GEM DONGERADEEL,;FRIESLAND
BRANTGUM,;FRIESLAND
FOUDGUM,;FRIESLAND
RAARD,;FRIESLAND
BORNWIRD,;FRIESLAND
DORDRECHT,;ZUID-HOLLAND
VENHUIZEN,;NOORD-HOLLAND
HEM,;NOORD-HOLLAND
WIJDENES,;NOORD-HOLLAND
OOSTERLEEK,;NOORD-HOLLAND
HOOGKARSPEL,;NOORD-HOLLAND
WESTWOUD,;NOORD-HOLLAND
OOSTERBLOKKER,;NOORD-HOLLAND
SCHELLINKHOUT,;NOORD-HOLLAND
ZEVENBERGSCHEN HOEK DRI,;NOORD-BRABANT
TERHEIJDEN,;NOORD-BRABANT
WAGENBERG,;NOORD-BRABANT
MADE,;NOORD-BRABANT
DRIMMELEN,;NOORD-BRABANT
LAGE ZWALUWE,;NOORD-BRABANT
HOOGE ZWALUWE,;NOORD-BRABANT
DRONTEN,;FLEVOLAND
SWIFTERBANT,;FLEVOLAND
BIDDINGHUIZEN,;FLEVOLAND
HORSSEN,;GELDERLAND
DRUTEN,;GELDERLAND
DEEST,;GELDERLAND
AFFERDEN GLD,;GELDERLAND
PUIFLIJK,;GELDERLAND
DUIVEN,;GELDERLAND
GROESSEN,;GELDERLAND
LOO GLD,;GELDERLAND
ECHT,;LIMBURG
KONINGSBOSCH,;LIMBURG
MARIA HOOP,;LIMBURG
SINT JOOST,;LIMBURG
SUSTEREN,;LIMBURG
ROOSTEREN,;LIMBURG
NIEUWSTADT,;LIMBURG
VOLENDAM,;NOORD-HOLLAND
EDAM,;NOORD-HOLLAND
PURMER,;NOORD-HOLLAND
EDE GLD,;GELDERLAND
BENNEKOM,;GELDERLAND
OTTERLO,;GELDERLAND
HARSKAMP,;GELDERLAND
WEKEROM,;GELDERLAND
LUNTEREN,;GELDERLAND
EDERVEEN,;GELDERLAND
DE KLOMP,;GELDERLAND
DEELEN,;GELDERLAND
EEMNES,;UTRECHT
STARTENHUIZEN,;GRONINGEN
EEMSHAVEN,;GRONINGEN
UITHUIZEN,;GRONINGEN
UITHUIZERMEEDEN,;GRONINGEN
ROODESCHOOL,;GRONINGEN
OUDESCHIP,;GRONINGEN
OOSTERNIELAND,;GRONINGEN
OLDENZIJL,;GRONINGEN
USQUERT,;GRONINGEN
WARFFUM,;GRONINGEN
KANTENS,;GRONINGEN
EPPENHUIZEN,;GRONINGEN
ZANDEWEER,;GRONINGEN
ROTTUM GN,;GRONINGEN
STITSWERD,;GRONINGEN
KNEGSEL,;NOORD-BRABANT
VESSEM,;NOORD-BRABANT
WINTELRE,;NOORD-BRABANT
EERSEL,;NOORD-BRABANT
STEENSEL,;NOORD-BRABANT
DUIZEL,;NOORD-BRABANT
EIJSDEN,;LIMBURG
GRONSVELD,;LIMBURG
EINDHOVEN,;NOORD-BRABANT
ELBURG,;GELDERLAND
'T HARDE,;GELDERLAND
DOORNSPIJK,;GELDERLAND
SCHOONEBEEK,;DRENTHE
ZANDPOL,;DRENTHE
WEITEVEEN,;DRENTHE
NIEUW SCHOONEBEEK,;DRENTHE
EMMEN,;DRENTHE
NIEUW WEERDINGE,;DRENTHE
NIEUW AMSTERDAM,;DRENTHE
VEENOORD,;DRENTHE
EMMER COMPASCUUM,;DRENTHE
BARGER COMPASCUUM,;DRENTHE
NIEUW DORDRECHT,;DRENTHE
ERICA,;DRENTHE
KLAZIENAVEEN,;DRENTHE
ZWARTEMEER,;DRENTHE
ROSWINKEL,;DRENTHE
ENKHUIZEN,;NOORD-HOLLAND
ENSCHEDE,;OVERIJSSEL
EPE,;GELDERLAND
EMST,;GELDERLAND
OENE,;GELDERLAND
VAASSEN,;GELDERLAND
ERMELO,;GELDERLAND
ETTEN-LEUR,;NOORD-BRABANT
MARRUM,;FRIESLAND
HALLUM,;FRIESLAND
JANNUM,;FRIESLAND
BURDAARD,;FRIESLAND
BLIJE,;FRIESLAND
FERWERT,;FRIESLAND
HEGEBEINTUM,;FRIESLAND
GINNUM,;FRIESLAND
REITSUM,;FRIESLAND
LICHTAARD,;FRIESLAND
JISLUM,;FRIESLAND
WANSWERT,;FRIESLAND
FRANEKER,;FRIESLAND
TZUM,;FRIESLAND
HITZUM,;FRIESLAND
ACHLUM,;FRIESLAND
HERBAIJUM,;FRIESLAND
DONGJUM,;FRIESLAND
BOER,;FRIESLAND
RIED,;FRIESLAND
PEINS,;FRIESLAND
SCHALSUM,;FRIESLAND
ZWEINS,;FRIESLAND
TZUMMARUM,;FRIESLAND
FIRDGUM,;FRIESLAND
KLOOSTER LIDLUM,;FRIESLAND
OOSTERBIERUM,;FRIESLAND
SEXBIERUM,;FRIESLAND
PIETERSBIERUM,;FRIESLAND
SLOTEN FR,;FRIESLAND
BALK,;FRIESLAND
WIJCKEL,;FRIESLAND
RUIGAHUIZEN,;FRIESLAND
SONDEL,;FRIESLAND
NIJEMIRDUM,;FRIESLAND
OUDEMIRDUM,;FRIESLAND
HARICH,;FRIESLAND
RIJS,;FRIESLAND
MIRNS,;FRIESLAND
BAKHUIZEN,;FRIESLAND
ELAHUIZEN,;FRIESLAND
OUDEGA GAAST SLEAT,;FRIESLAND
KOLDERWOLDE,;FRIESLAND
GEERTRUIDENBERG,;NOORD-BRABANT
RAAMSDONKSVEER,;NOORD-BRABANT
RAAMSDONK,;NOORD-BRABANT
ACQUOY,;GELDERLAND
RHENOY,;GELDERLAND
BEESD,;GELDERLAND
GELLICUM,;GELDERLAND
RUMPT,;GELDERLAND
ENSPIJK,;GELDERLAND
DEIL,;GELDERLAND
GELDERMALSEN,;GELDERLAND
METEREN,;GELDERLAND
TRICHT,;GELDERLAND
BUURMALSEN,;GELDERLAND
GELDROP,;NOORD-BRABANT
MIERLO,;NOORD-BRABANT
GEMERT,;NOORD-BRABANT
HANDEL,;NOORD-BRABANT
ELSENDORP,;NOORD-BRABANT
DE MORTEL,;NOORD-BRABANT
BAKEL,;NOORD-BRABANT
MILHEEZE,;NOORD-BRABANT
DE RIPS,;NOORD-BRABANT
GENNEP,;LIMBURG
OTTERSUM,;LIMBURG
MILSBEEK,;LIMBURG
HEIJEN,;LIMBURG
VEN-ZELDERHEIDE,;LIMBURG
GIESSENBURG,;ZUID-HOLLAND
SCHELLUINEN,;ZUID-HOLLAND
HOOGBLOKLAND,;ZUID-HOLLAND
HOORNAAR,;ZUID-HOLLAND
NOORDELOOS,;ZUID-HOLLAND
ARKEL,;ZUID-HOLLAND
RIJEN,;NOORD-BRABANT
MOLENSCHOT,;NOORD-BRABANT
HULTEN,;NOORD-BRABANT
GILZE,;NOORD-BRABANT
STELLENDAM,;ZUID-HOLLAND
GOEDEREEDE,;ZUID-HOLLAND
OUDDORP ZH,;ZUID-HOLLAND
'S-HEER ARENDSKERKE,;ZEELAND
GOES,;ZEELAND
WOLPHAARTSDIJK,;ZEELAND
'S-HEER HENDRIKSKINDEREN,;ZEELAND
KATTENDIJKE,;ZEELAND
WILHELMINADORP,;ZEELAND
KLOETINGE,;ZEELAND
GOIRLE,;NOORD-BRABANT
RIEL,;NOORD-BRABANT
GORINCHEM,;ZUID-HOLLAND
DALEM,;ZUID-HOLLAND
GOUDA,;ZUID-HOLLAND
OUD ALBLAS,;ZUID-HOLLAND
BLESKENSGRAAF CA,;ZUID-HOLLAND
MOLENAARSGRAAF,;ZUID-HOLLAND
BRANDWIJK,;ZUID-HOLLAND
OTTOLAND,;ZUID-HOLLAND
GOUDRIAAN,;ZUID-HOLLAND
WIJNGAARDEN ZH,;ZUID-HOLLAND
DE RIJP,;NOORD-HOLLAND
GRAFT,;NOORD-HOLLAND
NOORDEINDE NH,;NOORD-HOLLAND
WEST GRAFTDIJK,;NOORD-HOLLAND
OOST GRAFTDIJK,;NOORD-HOLLAND
STARNMEER,;NOORD-HOLLAND
MARKENBINNEN,;NOORD-HOLLAND
GRAVE,;NOORD-BRABANT
VELP NB,;NOORD-BRABANT
ESCHAREN,;NOORD-BRABANT
GASSEL,;NOORD-BRABANT
GROESBEEK,;GELDERLAND
HEILIG LANDSTICHTING,;GELDERLAND
BERG EN DAL,;GELDERLAND
GRONINGEN,;GRONINGEN
OLDEKERK,;GRONINGEN
NIEKERK GROOTEGAST,;GRONINGEN
GROOTEGAST,;GRONINGEN
SEBALDEBUREN,;GRONINGEN
DOEZUM,;GRONINGEN
KORNHORN,;GRONINGEN
OPENDE,;GRONINGEN
LUTJEGAST,;GRONINGEN
GULPEN,;LIMBURG
INGBER,;LIMBURG
REIJMERSTOK,;LIMBURG
HEIJENRATH,;LIMBURG
SLENAKEN,;LIMBURG
BEUTENAKEN,;LIMBURG
MECHELEN,;LIMBURG
EPEN,;LIMBURG
WITTEM,;LIMBURG
EYS,;LIMBURG
ELKENRADE,;LIMBURG
WIJLRE,;LIMBURG
HAAKSBERGEN,;OVERIJSSEL
BIEZENMORTEL,;NOORD-BRABANT
HAAREN,;NOORD-BRABANT
HELVOIRT,;NOORD-BRABANT
ESCH,;NOORD-BRABANT
HAARLEM,;NOORD-HOLLAND
SPAARNDAM WEST,;NOORD-HOLLAND
HALFWEG NH,;NOORD-HOLLAND
SPAARNDAM,;NOORD-HOLLAND
HAARLEMMERLIEDE,;NOORD-HOLLAND
SCHIPHOL,;NOORD-HOLLAND
LUCHTHAVEN SCHIPHOL,;NOORD-HOLLAND
SCHIPHOL-RIJK,;NOORD-HOLLAND
ZWANENBURG,;NOORD-HOLLAND
BADHOEVEDORP,;NOORD-HOLLAND
LIJNDEN,;NOORD-HOLLAND
RIJSENHOUT,;NOORD-HOLLAND
AALSMEERDERBRUG,;NOORD-HOLLAND
ROZENBURG NH,;NOORD-HOLLAND
OUDE MEER,;NOORD-HOLLAND
HOOFDDORP,;NOORD-HOLLAND
ZWAANSHOEK,;NOORD-HOLLAND
VIJFHUIZEN,;NOORD-HOLLAND
CRUQUIUS,;NOORD-HOLLAND
BOESINGHELIEDE,;NOORD-HOLLAND
BEINSDORP,;NOORD-HOLLAND
NIEUW VENNEP,;NOORD-HOLLAND
BURGERVEEN,;NOORD-HOLLAND
LEIMUIDERBRUG,;NOORD-HOLLAND
WETERINGBRUG,;NOORD-HOLLAND
ABBENES,;NOORD-HOLLAND
BUITENKAAG,;NOORD-HOLLAND
LISSERBROEK,;NOORD-HOLLAND
OUDENBOSCH,;NOORD-BRABANT
HOEVEN,;NOORD-BRABANT
BOSSCHENHOOFD,;NOORD-BRABANT
OUD GASTEL,;NOORD-BRABANT
STAMPERSGAT,;NOORD-BRABANT
BERGENTHEIM,;OVERIJSSEL
MARIENBERG,;OVERIJSSEL
SIBCULO,;OVERIJSSEL
KLOOSTERHAAR,;OVERIJSSEL
BRUCHTERVELD,;OVERIJSSEL
BRUCHT,;OVERIJSSEL
DEDEMSVAART,;OVERIJSSEL
BALKBRUG,;OVERIJSSEL
HARDENBERG,;OVERIJSSEL
LUTTEN,;OVERIJSSEL
SLAGHAREN,;OVERIJSSEL
SCHUINESLOOT,;OVERIJSSEL
LOOZEN,;OVERIJSSEL
HOLTHONE,;OVERIJSSEL
DE KRIM,;OVERIJSSEL
GRAMSBERGEN,;OVERIJSSEL
ANE,;OVERIJSSEL
ANEVELDE,;OVERIJSSEL
DEN VELDE,;OVERIJSSEL
HOLTHEME,;OVERIJSSEL
ANERVEEN,;OVERIJSSEL
RADEWIJK,;OVERIJSSEL
VENEBRUGGE,;OVERIJSSEL
HOOGENWEG,;OVERIJSSEL
RHEEZE,;OVERIJSSEL
DIFFELEN,;OVERIJSSEL
HEEMSERVEEN,;OVERIJSSEL
RHEEZERVEEN,;OVERIJSSEL
COLLENDOORN,;OVERIJSSEL
HARDERWIJK,;GELDERLAND
HIERDEN,;GELDERLAND
HARDINXVELD GIESSENDAM,;ZUID-HOLLAND
NOORDLAREN,;GRONINGEN
HAREN GN,;GRONINGEN
ONNEN,;GRONINGEN
GLIMMEN,;GRONINGEN
WAARLAND,;NOORD-HOLLAND
SINT MAARTEN,;NOORD-HOLLAND
DIRKSHORN,;NOORD-HOLLAND
TUITJENHORN,;NOORD-HOLLAND
WARMENHUIZEN,;NOORD-HOLLAND
WIJNALDUM,;FRIESLAND
HARLINGEN,;FRIESLAND
MIDLUM,;FRIESLAND
HATTEM,;GELDERLAND
HEEMSKERK,;NOORD-HOLLAND
HEEMSTEDE,;NOORD-HOLLAND
HEERDE,;GELDERLAND
WAPENVELD,;GELDERLAND
VORCHTEN,;GELDERLAND
VEESSEN,;GELDERLAND
JUBBEGA,;FRIESLAND
HOORNSTERZWAAG,;FRIESLAND
OUDEHORNE,;FRIESLAND
NIEUWEHORNE,;FRIESLAND
BONTEBOK,;FRIESLAND
HEERENVEEN,;FRIESLAND
TERBAND,;FRIESLAND
OUDESCHOOT,;FRIESLAND
NIEUWESCHOOT,;FRIESLAND
ORANJEWOUD,;FRIESLAND
MILDAM,;FRIESLAND
KATLIJK,;FRIESLAND
DE KNIPE,;FRIESLAND
GERSLOOT,;FRIESLAND
TJALLEBERD,;FRIESLAND
LUINJEBERD,;FRIESLAND
HEERHUGOWAARD,;NOORD-HOLLAND
HEERLEN,;LIMBURG
HOENSBROEK,;LIMBURG
HEEZE,;NOORD-BRABANT
LEENDE,;NOORD-BRABANT
STERKSEL,;NOORD-BRABANT
HEILOO,;NOORD-HOLLAND
PANNINGEN,;LIMBURG
KONINGSLUST,;LIMBURG
GRASHOEK,;LIMBURG
BERINGE,;LIMBURG
EGCHEL,;LIMBURG
HELDEN,;LIMBURG
NIJVERDAL,;OVERIJSSEL
HELLENDOORN,;OVERIJSSEL
HAARLE GEM HELLENDOORN,;OVERIJSSEL
DAARLERVEEN,;OVERIJSSEL
DAARLE,;OVERIJSSEL
HELLEVOETSLUIS,;ZUID-HOLLAND
HELMOND,;NOORD-BRABANT
HENDRIK IDO AMBACHT,;ZUID-HOLLAND
HENGELO OV,;OVERIJSSEL
MINNERTSGA,;FRIESLAND
WESTHOEK,;FRIESLAND
SINT ANNAPAROCHIE,;FRIESLAND
VROUWENPAROCHIE,;FRIESLAND
OUDE BILDTZIJL,;FRIESLAND
SINT JACOBIPAROCHIE,;FRIESLAND
MALDEN,;GELDERLAND
HEUMEN,;GELDERLAND
OVERASSELT,;GELDERLAND
NEDERASSELT,;GELDERLAND
DRUNEN,;NOORD-BRABANT
ELSHOUT,;NOORD-BRABANT
VLIJMEN,;NOORD-BRABANT
NIEUWKUIJK,;NOORD-BRABANT
HAARSTEEG,;NOORD-BRABANT
HEUSDEN GEM HEUSDEN,;NOORD-BRABANT
HILLEGOM,;ZUID-HOLLAND
HILVARENBEEK,;NOORD-BRABANT
BIEST HOUTAKKER,;NOORD-BRABANT
ESBEEK,;NOORD-BRABANT
DIESSEN,;NOORD-BRABANT
HAGHORST,;NOORD-BRABANT
HILVERSUM,;NOORD-HOLLAND
GOOR,;OVERIJSSEL
MARKELO,;OVERIJSSEL
DIEPENHEIM,;OVERIJSSEL
DELDEN,;OVERIJSSEL
AMBT DELDEN,;OVERIJSSEL
HENGEVELDE,;OVERIJSSEL
BENTELO,;OVERIJSSEL
HOOGEVEEN,;DRENTHE
NIEUWEROORD,;DRENTHE
HOLLANDSCHEVELD,;DRENTHE
NOORDSCHESCHUT,;DRENTHE
ALTEVEER GEM HOOGEVEEN,;DRENTHE
ELIM,;DRENTHE
NIEUWLANDE,;DRENTHE
FLUITENBERG,;DRENTHE
PESSE,;DRENTHE
STUIFZAND,;DRENTHE
TIENDEVEEN,;DRENTHE
HOOGEZAND,;GRONINGEN
KIEL-WINDEWEER,;GRONINGEN
KROPSWOLDE,;GRONINGEN
FOXHOL,;GRONINGEN
WESTERBROEK,;GRONINGEN
WATERHUIZEN,;GRONINGEN
SAPPEMEER,;GRONINGEN
HOORN,;NOORD-HOLLAND
ZWAAG,;NOORD-HOLLAND
BLOKKER,;NOORD-HOLLAND
GRIENDTSVEEN,;LIMBURG
BROEKHUIZENVORST,;LIMBURG
BROEKHUIZEN LB,;LIMBURG
HORST,;LIMBURG
MELDERSLO,;LIMBURG
HEGELSOM,;LIMBURG
METERIK,;LIMBURG
AMERICA,;LIMBURG
GRUBBENVORST,;LIMBURG
LOTTUM,;LIMBURG
HOUTEN,;UTRECHT
'T GOY,;UTRECHT
SCHALKWIJK,;UTRECHT
TULL EN 'T WAAL,;UTRECHT
HUIZEN,;NOORD-HOLLAND
HULST,;ZEELAND
SINT JANSTEEN,;ZEELAND
KAPELLEBRUG,;ZEELAND
HEIKANT,;ZEELAND
CLINGE,;ZEELAND
NIEUW NAMEN,;ZEELAND
GRAAUW,;ZEELAND
VOGELWAARDE,;ZEELAND
TERHOLE,;ZEELAND
KUITAART,;ZEELAND
HENGSTDIJK,;ZEELAND
LAMSWAARDE,;ZEELAND
KLOOSTERZANDE,;ZEELAND
WALSOORDEN,;ZEELAND
OSSENISSE,;ZEELAND
IJSSELSTEIN UT,;UTRECHT
HOOGMADE,;ZUID-HOLLAND
LEIMUIDEN,;ZUID-HOLLAND
RIJNSATERWOUDE,;ZUID-HOLLAND
WOUBRUGGE,;ZUID-HOLLAND
KAMPEN,;OVERIJSSEL
IJSSELMUIDEN,;OVERIJSSEL
WILSUM,;OVERIJSSEL
'S-HEERENBROEK,;OVERIJSSEL
ZALK,;OVERIJSSEL
GRAFHORST,;OVERIJSSEL
KAMPERVEEN,;OVERIJSSEL
MASTENBROEK,;OVERIJSSEL
KAPELLE,;ZEELAND
SCHORE,;ZEELAND
WEMELDINGE,;ZEELAND
KATWIJK ZH,;ZUID-HOLLAND
RIJNSBURG,;ZUID-HOLLAND
VALKENBURG ZH,;ZUID-HOLLAND
KERKRADE,;LIMBURG
EYGELSHOVEN,;LIMBURG
KESSEL LB,;LIMBURG
OUDENDIJK NH,;NOORD-HOLLAND
AVENHORN,;NOORD-HOLLAND
SCHARWOUDE,;NOORD-HOLLAND
SPIERDIJK,;NOORD-HOLLAND
URSEM,;NOORD-HOLLAND
BERKHOUT,;NOORD-HOLLAND
DE GOORN,;NOORD-HOLLAND
ZUIDERMEER,;NOORD-HOLLAND
HENSBROEK,;NOORD-HOLLAND
OBDAM,;NOORD-HOLLAND
KOLLUM,;FRIESLAND
AUGSBUURT,;FRIESLAND
KOLLUMERPOMP,;FRIESLAND
OUDWOUDE,;FRIESLAND
WESTERGEEST,;FRIESLAND
TRIEMEN,;FRIESLAND
VEENKLOOSTER,;FRIESLAND
KOLLUMERZWAAG,;FRIESLAND
ZWAGERBOSCH,;FRIESLAND
BURUM,;FRIESLAND
WARFSTERMOLEN,;FRIESLAND
MUNNEKEZIJL,;FRIESLAND
NIEUW BEIJERLAND,;ZUID-HOLLAND
PIERSHIL,;ZUID-HOLLAND
GOUDSWAARD,;ZUID-HOLLAND
ZUID-BEIJERLAND,;ZUID-HOLLAND
KRIMPEN AAN DEN IJSSEL,;ZUID-HOLLAND
AARLE RIXTEL,;NOORD-BRABANT
LIESHOUT,;NOORD-BRABANT
MARIAHOUT,;NOORD-BRABANT
BEEK EN DONK,;NOORD-BRABANT
SCHAIJK,;NOORD-BRABANT
REEK,;NOORD-BRABANT
ZEELAND,;NOORD-BRABANT
LANDGRAAF,;LIMBURG
LANDSMEER,;NOORD-HOLLAND
DEN ILP,;NOORD-HOLLAND
PURMERLAND,;NOORD-HOLLAND
BROEK OP LANGEDIJK,;NOORD-HOLLAND
ZUID-SCHARWOUDE,;NOORD-HOLLAND
NOORD-SCHARWOUDE,;NOORD-HOLLAND
OUDKARSPEL,;NOORD-HOLLAND
SINT PANCRAS,;NOORD-HOLLAND
BERKEL EN RODENRIJS,;ZUID-HOLLAND
BERGSCHENHOEK,;ZUID-HOLLAND
BLEISWIJK,;ZUID-HOLLAND
LAREN NH,;NOORD-HOLLAND
LEEK,;GRONINGEN
ZEVENHUIZEN GN,;GRONINGEN
MIDWOLDE,;GRONINGEN
TOLBERT,;GRONINGEN
BOERAKKER GEM LEEK,;GRONINGEN
ENUMATIL,;GRONINGEN
LETTELBERT,;GRONINGEN
OOSTWOLD GEM LEEK,;GRONINGEN
LEERDAM,;ZUID-HOLLAND
SCHOONREWOERD,;ZUID-HOLLAND
OOSTERWIJK,;ZUID-HOLLAND
KEDICHEM,;ZUID-HOLLAND
LEEUWARDEN,;FRIESLAND
LEKKUM,;FRIESLAND
MIEDUM,;FRIESLAND
SNAKKERBUREN,;FRIESLAND
GOUTUM,;FRIESLAND
TEERNS,;FRIESLAND
HEMPENS,;FRIESLAND
SWICHUM,;FRIESLAND
WIRDUM FR,;FRIESLAND
WYTGAARD,;FRIESLAND
STIENS,;FRIESLAND
FINKUM,;FRIESLAND
HIJUM,;FRIESLAND
BRITSUM,;FRIESLAND
CORNJUM,;FRIESLAND
JELSUM,;FRIESLAND
OUDE LEIJE,;FRIESLAND
LEIDEN,;ZUID-HOLLAND
LEIDERDORP,;ZUID-HOLLAND
LEIDSCHENDAM,;ZUID-HOLLAND
VOORBURG,;ZUID-HOLLAND
LELYSTAD,;FLEVOLAND
DELFSTRAHUIZEN,;FRIESLAND
LEMMER,;FRIESLAND
EESTERGA,;FRIESLAND
FOLLEGA,;FRIESLAND
OOSTERZEE,;FRIESLAND
ECHTEN FR,;FRIESLAND
BANTEGA,;FRIESLAND
ECHTENERBRUG,;FRIESLAND
ELL,;LIMBURG
HALER,;LIMBURG
HUNSEL,;LIMBURG
ITTERVOORT,;LIMBURG
NEERITTER,;LIMBURG
KELPEN-OLER,;LIMBURG
HAELEN,;LIMBURG
BUGGENUM,;LIMBURG
NUNHEM,;LIMBURG
HORN,;LIMBURG
NEER,;LIMBURG
ROGGEL,;LIMBURG
HEIBLOEM,;LIMBURG
HEYTHUYSEN,;LIMBURG
BAEXEM,;LIMBURG
GRATHEM,;LIMBURG
ACHTERVELD,;UTRECHT
LEUSDEN,;UTRECHT
STOUTENBURG,;UTRECHT
STREEFKERK,;ZUID-HOLLAND
GROOT AMMERS,;ZUID-HOLLAND
NIEUWPOORT,;ZUID-HOLLAND
LANGERAK ZH,;ZUID-HOLLAND
WAAL,;ZUID-HOLLAND
ASPEREN,;GELDERLAND
HEUKELUM,;GELDERLAND
HERWIJNEN,;GELDERLAND
SPIJK GEM LINGEWAAL,;GELDERLAND
VUREN,;GELDERLAND
BEMMEL,;GELDERLAND
RESSEN,;GELDERLAND
HAALDEREN,;GELDERLAND
DOORNENBURG,;GELDERLAND
ANGEREN,;GELDERLAND
GENDT,;GELDERLAND
HUISSEN,;GELDERLAND
LISSE,;ZUID-HOLLAND
DEN BOSCH,;NOORD-BRABANT
OIJEN,;NOORD-BRABANT
TEEFFELEN,;NOORD-BRABANT
LITHOIJEN,;NOORD-BRABANT
LITH,;NOORD-BRABANT
MAREN KESSEL,;NOORD-BRABANT
BOAZUM,;FRIESLAND
BRITSWERT,;FRIESLAND
WIUWERT,;FRIESLAND
RIEN,;FRIESLAND
LYTSEWIERRUM,;FRIESLAND
WOMMELS,;FRIESLAND
KUBAARD,;FRIESLAND
IENS,;FRIESLAND
EASTEREIN,;FRIESLAND
ITENS,;FRIESLAND
REAHUS,;FRIESLAND
HIDAARD,;FRIESLAND
WINSUM FR,;FRIESLAND
HUNS,;FRIESLAND
LEONS,;FRIESLAND
BAARD,;FRIESLAND
EASTERLITTENS,;FRIESLAND
BAAIUM,;FRIESLAND
WJELSRYP,;FRIESLAND
SPANNUM,;FRIESLAND
HINNAARD,;FRIESLAND
WAAKSENS GEM LITT,;FRIESLAND
EASTERWIERRUM,;FRIESLAND
MANTGUM,;FRIESLAND
JORWERT,;FRIESLAND
WEIDUM,;FRIESLAND
BEARS FR,;FRIESLAND
JELLUM,;FRIESLAND
HILAARD,;FRIESLAND
EEFDE,;GELDERLAND
GORSSEL,;GELDERLAND
EPSE,;GELDERLAND
JOPPE,;GELDERLAND
KRING VAN DORTH,;GELDERLAND
HARFSEN,;GELDERLAND
ALMEN,;GELDERLAND
LOCHEM,;GELDERLAND
BARCHEM,;GELDERLAND
LAREN GLD,;GELDERLAND
NIGTEVECHT,;UTRECHT
NIEUWERSLUIS,;UTRECHT
LOENEN AAN DE VECHT,;UTRECHT
VREELAND,;UTRECHT
LOENERSLOOT,;UTRECHT
KAATSHEUVEL,;NOORD-BRABANT
LOON OP ZAND,;NOORD-BRABANT
DE MOER,;NOORD-BRABANT
BENSCHOP,;UTRECHT
LOPIK,;UTRECHT
LOPIKERKAPEL,;UTRECHT
JAARSVELD,;UTRECHT
POLSBROEK,;UTRECHT
OOSTERWIJTWERD,;GRONINGEN
LEERMENS,;GRONINGEN
EENUM,;GRONINGEN
ZEERIJP,;GRONINGEN
'T ZANDT GN,;GRONINGEN
WIRDUM GN,;GRONINGEN
GARRELSWEER,;GRONINGEN
LOPPERSUM,;GRONINGEN
STEDUM,;GRONINGEN
WESTEREMDEN,;GRONINGEN
GARSTHUIZEN,;GRONINGEN
STARTENHUIZEN LOPP,;GRONINGEN
ZIJLDIJK,;GRONINGEN
MIDDELSTUM,;GRONINGEN
HUIZINGE,;GRONINGEN
WESTERWIJTWERD,;GRONINGEN
TOORNWERD,;GRONINGEN
LOSSER,;OVERIJSSEL
GLANE,;OVERIJSSEL
OVERDINKEL,;OVERIJSSEL
DE LUTTE,;OVERIJSSEL
BEUNINGEN OV,;OVERIJSSEL
MAARSSEN,;UTRECHT
OUD ZUILEN,;UTRECHT
TIENHOVEN UT,;UTRECHT
BAARLO LB,;LIMBURG
MAASBREE,;LIMBURG
VINKEL,;NOORD-BRABANT
GEFFEN,;NOORD-BRABANT
NULAND,;NOORD-BRABANT
HEDEL,;GELDERLAND
AMMERZODEN,;GELDERLAND
WELL GLD,;GELDERLAND
HURWENEN,;GELDERLAND
ROSSUM GLD,;GELDERLAND
KERKDRIEL,;GELDERLAND
HOENZADRIEL,;GELDERLAND
VELDDRIEL,;GELDERLAND
ALEM,;GELDERLAND
HEEREWAARDEN,;GELDERLAND
THORN,;LIMBURG
WESSEM,;LIMBURG
MAASBRACHT,;LIMBURG
LINNE,;LIMBURG
HEEL,;LIMBURG
BEEGDEN,;LIMBURG
STEVENSWEERT,;LIMBURG
OHE EN LAAK,;LIMBURG
MAASSLUIS,;ZUID-HOLLAND
MAASTRICHT,;LIMBURG
ECKELRADE,;LIMBURG
NOORBEEK,;LIMBURG
MHEER,;LIMBURG
BANHOLT,;LIMBURG
SINT GEERTRUID,;LIMBURG
CADIER EN KEER,;LIMBURG
BEMELEN,;LIMBURG
MARGRATEN,;LIMBURG
SCHEULDER,;LIMBURG
BOERAKKER,;GRONINGEN
MARUM,;GRONINGEN
NUIS,;GRONINGEN
NIEBERT,;GRONINGEN
JONKERSVAART,;GRONINGEN
DE WILP GN,;GRONINGEN
NOORDWIJK GN,;GRONINGEN
LUCASWOLDE,;GRONINGEN
BENNINGBROEK,;NOORD-HOLLAND
SIJBEKARSPEL,;NOORD-HOLLAND
ABBEKERK,;NOORD-HOLLAND
LAMBERTSCHAAG,;NOORD-HOLLAND
MEDEMBLIK,;NOORD-HOLLAND
OPPERDOES,;NOORD-HOLLAND
TWISK,;NOORD-HOLLAND
OOSTWOUD,;NOORD-HOLLAND
MIDWOUD,;NOORD-HOLLAND
ZWAAGDIJK,;NOORD-HOLLAND
WOGNUM,;NOORD-HOLLAND
NIBBIXWOUD,;NOORD-HOLLAND
HAUWERT,;NOORD-HOLLAND
WANSSUM,;LIMBURG
GEIJSTEREN,;LIMBURG
BLITTERSWIJCK,;LIMBURG
MEERLO,;LIMBURG
TIENRAY,;LIMBURG
SWOLGEN,;LIMBURG
MEERSSEN,;LIMBURG
ULESTRATEN,;LIMBURG
MOORVELD,;LIMBURG
BUNDE,;LIMBURG
GEULLE,;LIMBURG
MEIJEL,;LIMBURG
SCHINGEN,;FRIESLAND
BOKSUM,;FRIESLAND
BLESSUM,;FRIESLAND
DEINUM,;FRIESLAND
MARSSUM,;FRIESLAND
DRONRIJP,;FRIESLAND
MENALDUM,;FRIESLAND
SLAPPETERP,;FRIESLAND
ENGELUM,;FRIESLAND
BERLIKUM FR,;FRIESLAND
WIER,;FRIESLAND
BEETGUM,;FRIESLAND
BEETGUMERMOLEN,;FRIESLAND
BORGERCOMPAGNIE,;GRONINGEN
TRIPSCOMPAGNIE,;GRONINGEN
NOORDBROEK,;GRONINGEN
ZUIDBROEK,;GRONINGEN
MUNTENDAM,;GRONINGEN
MEEDEN,;GRONINGEN
MEPPEL,;DRENTHE
NIJEVEEN,;DRENTHE
ROGAT,;DRENTHE
BROEKHUIZEN DR,;DRENTHE
DE SCHIPHORST,;DRENTHE
MIDDELBURG,;ZEELAND
NIEUW- EN SINT JOOSLAND,;ZEELAND
ARNEMUIDEN,;ZEELAND
MIDDELHARNIS,;ZUID-HOLLAND
STAD AAN 'T HARINGVLIET,;ZUID-HOLLAND
NIEUWE TONGE,;ZUID-HOLLAND
SOMMELSDIJK,;ZUID-HOLLAND
DEN HOORN ZH,;ZUID-HOLLAND
SCHIPLUIDEN,;ZUID-HOLLAND
MAASLAND,;ZUID-HOLLAND
NIEUW BALINGE,;DRENTHE
BEILEN,;DRENTHE
HOOGHALEN,;DRENTHE
HIJKEN,;DRENTHE
ORANJE,;DRENTHE
SPIER,;DRENTHE
WIJSTER,;DRENTHE
DRIJBER,;DRENTHE
BOVENSMILDE,;DRENTHE
SMILDE,;DRENTHE
HOOGERSMILDE,;DRENTHE
WESTERBORK,;DRENTHE
ZUIDVELD,;DRENTHE
ZWIGGELTE,;DRENTHE
EURSINGE,;DRENTHE
BRUNTINGE,;DRENTHE
MANTINGE,;DRENTHE
BALINGE,;DRENTHE
GARMINGE,;DRENTHE
WITTEVEEN,;DRENTHE
ORVELTE,;DRENTHE
ELP,;DRENTHE
MILL,;NOORD-BRABANT
LANGENBOOM,;NOORD-BRABANT
SINT HUBERT,;NOORD-BRABANT
WILBERTOORD,;NOORD-BRABANT
MILLINGEN AAN DE RIJN,;GELDERLAND
STANDDAARBUITEN,;NOORD-BRABANT
NOORDHOEK,;NOORD-BRABANT
ZEVENBERGEN,;NOORD-BRABANT
ZEVENBERGSCHEN HOEK,;NOORD-BRABANT
LANGEWEG,;NOORD-BRABANT
MOERDIJK,;NOORD-BRABANT
KLUNDERT,;NOORD-BRABANT
FIJNAART,;NOORD-BRABANT
HEIJNINGEN,;NOORD-BRABANT
OUDEMOLEN NB,;NOORD-BRABANT
WILLEMSTAD NB,;NOORD-BRABANT
DIDAM,;GELDERLAND
KILDER,;GELDERLAND
LOERBEEK,;GELDERLAND
BEEK GEM MONTFERLAND,;GELDERLAND
ZEDDAM,;GELDERLAND
STOKKUM,;GELDERLAND
'S-HEERENBERG,;GELDERLAND
LENGEL,;GELDERLAND
AZEWIJN,;GELDERLAND
VETHUIZEN,;GELDERLAND
BRAAMT,;GELDERLAND
WIJNBERGEN,;GELDERLAND
MONTFOORT,;UTRECHT
LINSCHOTEN,;UTRECHT
MOLENHOEK LB,;LIMBURG
MOOK,;LIMBURG
PLASMOLEN,;LIMBURG
MIDDELAAR,;LIMBURG
MOORDRECHT,;ZUID-HOLLAND
MUIDEN,;NOORD-HOLLAND
MUIDERBERG,;NOORD-HOLLAND
NAARDEN,;NOORD-HOLLAND
KESTEREN,;GELDERLAND
OPHEUSDEN,;GELDERLAND
OCHTEN,;GELDERLAND
IJZENDOORN,;GELDERLAND
ECHTELD,;GELDERLAND
DODEWAARD,;GELDERLAND
KRIMPEN AAN DE LEK,;ZUID-HOLLAND
LEKKERKERK,;ZUID-HOLLAND
NEDERWEERT,;LIMBURG
NEDERWEERT EIND,;LIMBURG
OSPEL,;LIMBURG
LEVEROY,;LIMBURG
OPHEMERT,;GELDERLAND
HEESSELT,;GELDERLAND
VARIK,;GELDERLAND
HELLOUW,;GELDERLAND
HAAFTEN,;GELDERLAND
TUIL,;GELDERLAND
WAARDENBURG,;GELDERLAND
NEERIJNEN,;GELDERLAND
OPIJNEN,;GELDERLAND
EST,;GELDERLAND
WINKEL,;NOORD-HOLLAND
LUTJEWINKEL,;NOORD-HOLLAND
NIEUWE NIEDORP,;NOORD-HOLLAND
OUDE NIEDORP,;NOORD-HOLLAND
'T VELD,;NOORD-HOLLAND
ZIJDEWIND,;NOORD-HOLLAND
KOLHORN,;NOORD-HOLLAND
BARSINGERHORN,;NOORD-HOLLAND
HARINGHUIZEN,;NOORD-HOLLAND
NIEUW LEKKERLAND,;ZUID-HOLLAND
KINDERDIJK,;ZUID-HOLLAND
NIEUWEGEIN,;UTRECHT
NIEUWERKERK AD IJSSEL,;ZUID-HOLLAND
VROUWENAKKER,;ZUID-HOLLAND
NIEUWKOOP,;ZUID-HOLLAND
NOORDEN,;ZUID-HOLLAND
ZEVENHOVEN,;ZUID-HOLLAND
NIEUWVEEN,;ZUID-HOLLAND
TER AAR,;ZUID-HOLLAND
WOERDENSE VERLAAT,;ZUID-HOLLAND
NIJKERK GLD,;GELDERLAND
NIJKERKERVEEN,;GELDERLAND
HOEVELAKEN,;GELDERLAND
NIJMEGEN,;GELDERLAND
LENT,;GELDERLAND
OOSTERHOUT GEM NIJMEGEN,;GELDERLAND
RESSEN GEM NIJMEGEN,;GELDERLAND
KORTGENE,;ZEELAND
KATS,;ZEELAND
COLIJNSPLAAT,;ZEELAND
WISSENKERKE,;ZEELAND
KAMPERLAND,;ZEELAND
GEERSDIJK,;ZEELAND
RODEN,;DRENTHE
LIEVEREN,;DRENTHE
RODERESCH,;DRENTHE
ALTEVEER GEM NOORDENVELD,;DRENTHE
STEENBERGEN DR,;DRENTHE
NIEUW RODEN,;DRENTHE
NIETAP,;DRENTHE
LEUTINGEWOLDE,;DRENTHE
FOXWOLDE,;DRENTHE
RODERWOLDE,;DRENTHE
PEIZE,;DRENTHE
NORG,;DRENTHE
LANGELO DR,;DRENTHE
PEEST,;DRENTHE
ZUIDVELDE,;DRENTHE
HUIS TER HEIDE DR,;DRENTHE
WESTERVELDE,;DRENTHE
VEENHUIZEN,;DRENTHE
EEN,;DRENTHE
EEN WEST,;DRENTHE
MATSLOOT,;DRENTHE
EMMELOORD,;FLEVOLAND
ENS,;FLEVOLAND
NAGELE,;FLEVOLAND
TOLLEBEEK,;FLEVOLAND
ESPEL,;FLEVOLAND
CREIL,;FLEVOLAND
RUTTEN,;FLEVOLAND
BANT,;FLEVOLAND
LUTTELGEEST,;FLEVOLAND
MARKNESSE,;FLEVOLAND
KRAGGENBURG,;FLEVOLAND
NOORDWIJK ZH,;ZUID-HOLLAND
DE ZILK,;ZUID-HOLLAND
NOORDWIJKERHOUT,;ZUID-HOLLAND
NUENEN,;NOORD-BRABANT
NUNSPEET,;GELDERLAND
ELSPEET,;GELDERLAND
VIERHOUTEN,;GELDERLAND
HULSHORST,;GELDERLAND
SCHIMMERT,;LIMBURG
HULSBERG,;LIMBURG
NUTH,;LIMBURG
WIJNANDSRADE,;LIMBURG
HEMELUM,;FRIESLAND
WORKUM,;FRIESLAND
HINDELOOPEN,;FRIESLAND
STAVOREN,;FRIESLAND
WARNS,;FRIESLAND
MOLKWERUM,;FRIESLAND
KOUDUM,;FRIESLAND
IT HEIDENSKIP,;FRIESLAND
NIJHUIZUM,;FRIESLAND
OEGSTGEEST,;ZUID-HOLLAND
OOST WEST EN MIDDELBEERS,;NOORD-BRABANT
OIRSCHOT,;NOORD-BRABANT
HEUKELOM NB,;NOORD-BRABANT
OISTERWIJK,;NOORD-BRABANT
MOERGESTEL,;NOORD-BRABANT
NOORDEINDE GLD,;GELDERLAND
WEZEP,;GELDERLAND
HATTEMERBROEK,;GELDERLAND
'T LOO OLDEBROEK,;GELDERLAND
OLDEBROEK,;GELDERLAND
OOSTERWOLDE GLD,;GELDERLAND
OLDENZAAL,;OVERIJSSEL
OLST,;OVERIJSSEL
WESEPE,;OVERIJSSEL
WIJHE,;OVERIJSSEL
WELSUM,;OVERIJSSEL
MARLE,;OVERIJSSEL
BEERZERVELD,;OVERIJSSEL
OMMEN,;OVERIJSSEL
VILSTEREN,;OVERIJSSEL
ARRIEN,;OVERIJSSEL
BEERZE,;OVERIJSSEL
STEGEREN,;OVERIJSSEL
WITHAREN,;OVERIJSSEL
VINKENBUURT,;OVERIJSSEL
DALMSHOLTE,;OVERIJSSEL
GIETHMEN,;OVERIJSSEL
LEMELE,;OVERIJSSEL
MERKELBEEK,;LIMBURG
SCHINVELD,;LIMBURG
JABEEK,;LIMBURG
BINGELRADE,;LIMBURG
LICHTENVOORDE,;GELDERLAND
VRAGENDER,;GELDERLAND
HARREVELD,;GELDERLAND
ZIEUWENT,;GELDERLAND
LIEVELDE,;GELDERLAND
GROENLO,;GELDERLAND
MARIENVELDE,;GELDERLAND
DORST,;NOORD-BRABANT
OOSTERHOUT NB,;NOORD-BRABANT
OOSTEIND,;NOORD-BRABANT
DEN HOUT NB,;NOORD-BRABANT
OUDE-TONGE,;ZUID-HOLLAND
ACHTHUIZEN,;ZUID-HOLLAND
OOLTGENSPLAAT,;ZUID-HOLLAND
DEN BOMMEL,;ZUID-HOLLAND
OLDEBERKOOP,;FRIESLAND
NIJEBERKOOP,;FRIESLAND
MAKKINGA,;FRIESLAND
ELSLOO FR,;FRIESLAND
LANGEDIJKE,;FRIESLAND
APPELSCHA,;FRIESLAND
RAVENSWOUD,;FRIESLAND
FOCHTELOO,;FRIESLAND
OOSTERWOLDE FR,;FRIESLAND
HAULE,;FRIESLAND
HAULERWIJK,;FRIESLAND
WASKEMEER,;FRIESLAND
DONKERBROEK,;FRIESLAND
OOSTZAAN,;NOORD-HOLLAND
DE WEERE,;NOORD-HOLLAND
SPANBROEK,;NOORD-HOLLAND
OPMEER,;NOORD-HOLLAND
HOOGWOUD,;NOORD-HOLLAND
AARTSWOUD,;NOORD-HOLLAND
GORREDIJK,;FRIESLAND
JONKERSLAN,;FRIESLAND
LANGEZWAAG,;FRIESLAND
LUXWOUDE,;FRIESLAND
TIJNJE,;FRIESLAND
TERWISPEL,;FRIESLAND
LIPPENHUIZEN,;FRIESLAND
HEMRIK,;FRIESLAND
WIJNJEWOUDE,;FRIESLAND
BAKKEVEEN,;FRIESLAND
BEETSTERZWAAG,;FRIESLAND
NIJ BEETS,;FRIESLAND
OLTERTERP,;FRIESLAND
URETERP,;FRIESLAND
SIEGERSWOUDE,;FRIESLAND
FRIESCHEPALEN,;FRIESLAND
OSS,;NOORD-BRABANT
BERGHEM,;NOORD-BRABANT
MEGEN,;NOORD-BRABANT
MACHAREN,;NOORD-BRABANT
HAREN NB,;NOORD-BRABANT
RAVENSTEIN,;NOORD-BRABANT
HERPEN,;NOORD-BRABANT
OUD BEIJERLAND,;ZUID-HOLLAND
VARSSEVELD,;GELDERLAND
WESTENDORP,;GELDERLAND
HEELWEG,;GELDERLAND
TERBORG,;GELDERLAND
SILVOLDE,;GELDERLAND
SINDEREN,;GELDERLAND
ULFT,;GELDERLAND
ETTEN GLD,;GELDERLAND
VARSSELDER VELDHUNTEN,;GELDERLAND
NETTERDEN,;GELDERLAND
MEGCHELEN,;GELDERLAND
GENDRINGEN,;GELDERLAND
VOORST OUDE IJSSELSTREEK,;GELDERLAND
BREEDENBROEK,;GELDERLAND
DUIVENDRECHT,;NOORD-HOLLAND
OUDERKERK AAN DE AMSTEL,;NOORD-HOLLAND
GOUDERAK,;ZUID-HOLLAND
OUDERKERK AAN DEN IJSSEL,;ZUID-HOLLAND
OUDEWATER,;UTRECHT
SNELREWAARD,;UTRECHT
PAPEKOP,;UTRECHT
HEKENDORP,;UTRECHT
ELST GLD,;GELDERLAND
DRIEL,;GELDERLAND
HETEREN,;GELDERLAND
RANDWIJK,;GELDERLAND
ZETTEN,;GELDERLAND
HEMMEN,;GELDERLAND
ANDELST,;GELDERLAND
HERVELD,;GELDERLAND
VALBURG,;GELDERLAND
HOMOET,;GELDERLAND
SLIJK EWIJK,;GELDERLAND
OOSTERHOUT GLD,;GELDERLAND
PAPENDRECHT,;ZUID-HOLLAND
ALTEVEER GN,;GRONINGEN
NIEUWE PEKELA,;GRONINGEN
OUDE PEKELA,;GRONINGEN
NOOTDORP,;ZUID-HOLLAND
PIJNACKER,;ZUID-HOLLAND
DELFGAUW,;ZUID-HOLLAND
PURMEREND,;NOORD-HOLLAND
PUTTEN,;GELDERLAND
LAAG ZUTHEM,;OVERIJSSEL
RAALTE,;OVERIJSSEL
LUTTENBERG,;OVERIJSSEL
MARIENHEEM,;OVERIJSSEL
BROEKLAND OV,;OVERIJSSEL
HEETEN,;OVERIJSSEL
NIEUW HEETEN,;OVERIJSSEL
HEINO,;OVERIJSSEL
LIERDERHOLTHUIS,;OVERIJSSEL
REEUWIJK,;ZUID-HOLLAND
DRIEBRUGGEN,;ZUID-HOLLAND
WAARDER,;ZUID-HOLLAND
FINSTERWOLDE,;GRONINGEN
BEERTA,;GRONINGEN
NIEUW BEERTA,;GRONINGEN
DRIEBORG,;GRONINGEN
OUDEZIJL,;GRONINGEN
NIEUWESCHANS,;GRONINGEN
YERSEKE,;ZEELAND
RILLAND,;ZEELAND
KRABBENDIJKE,;ZEELAND
WAARDE,;ZEELAND
OOSTDIJK,;ZEELAND
KRUININGEN,;ZEELAND
HANSWEERT,;ZEELAND
OOSTERBEEK,;GELDERLAND
DOORWERTH,;GELDERLAND
HEELSUM,;GELDERLAND
RENKUM,;GELDERLAND
WOLFHEZE,;GELDERLAND
RENSWOUDE,;UTRECHT
LAGE MIERDE,;NOORD-BRABANT
HOOGE MIERDE,;NOORD-BRABANT
HULSEL,;NOORD-BRABANT
REUSEL,;NOORD-BRABANT
VELP GLD,;GELDERLAND
DIEREN,;GELDERLAND
ELLECOM,;GELDERLAND
SPANKEREN,;GELDERLAND
LAAG SOEREN,;GELDERLAND
RHEDEN,;GELDERLAND
DE STEEG,;GELDERLAND
RHENEN,;UTRECHT
ELST UT,;UTRECHT
RIDDERKERK,;ZUID-HOLLAND
PANNERDEN,;GELDERLAND
AERDT,;GELDERLAND
HERWEN,;GELDERLAND
LOBITH,;GELDERLAND
TOLKAMER,;GELDERLAND
SPIJK GLD,;GELDERLAND
HAZERSWOUDE DORP,;ZUID-HOLLAND
HAZERSWOUDE RIJNDIJK,;ZUID-HOLLAND
KOUDEKERK AAN DEN RIJN,;ZUID-HOLLAND
BENTHUIZEN,;ZUID-HOLLAND
HOLTEN,;OVERIJSSEL
RIJSSEN,;OVERIJSSEL
RIJSWIJK ZH,;ZUID-HOLLAND
POSTERHOLT,;LIMBURG
VLODROP,;LIMBURG
MONTFORT,;LIMBURG
MELICK,;LIMBURG
HERKENBOSCH,;LIMBURG
SINT ODILIENBERG,;LIMBURG
ROERMOND,;LIMBURG
HERTEN,;LIMBURG
SWALMEN,;LIMBURG
ROOSENDAAL,;NOORD-BRABANT
NISPEN,;NOORD-BRABANT
WOUW,;NOORD-BRABANT
WOUWSE PLANTAGE,;NOORD-BRABANT
HEERLE,;NOORD-BRABANT
MOERSTRATEN,;NOORD-BRABANT
ROTTERDAM,;ZUID-HOLLAND
HOEK VAN HOLLAND,;ZUID-HOLLAND
HOOGVLIET ROTTERDAM,;ZUID-HOLLAND
PERNIS ROTTERDAM,;ZUID-HOLLAND
VONDELINGENPLAAT RT,;ZUID-HOLLAND
BOTLEK ROTTERDAM,;ZUID-HOLLAND
EUROPOORT ROTTERDAM,;ZUID-HOLLAND
MAASVLAKTE ROTTERDAM,;ZUID-HOLLAND
ROZENBURG ZH,;ZUID-HOLLAND
ROZENDAAL,;GELDERLAND
SINT WILLEBRORD,;NOORD-BRABANT
SPRUNDEL,;NOORD-BRABANT
RUCPHEN,;NOORD-BRABANT
SCHIJF,;NOORD-BRABANT
ZEGGE,;NOORD-BRABANT
'S-GRAVENHAGE,;ZUID-HOLLAND
'S-HERTOGENBOSCH,;NOORD-BRABANT
ROSMALEN,;NOORD-BRABANT
SCHAGEN,;NOORD-HOLLAND
HEILIGERLEE,;GRONINGEN
WESTERLEE GN,;GRONINGEN
SCHEEMDA,;GRONINGEN
MIDWOLDA,;GRONINGEN
OOSTWOLD SCHEEMDA,;GRONINGEN
BLAUWESTAD,;GRONINGEN
'T WAAR,;GRONINGEN
NIEUW SCHEEMDA,;GRONINGEN
NIEUWOLDA,;GRONINGEN
SCHERMERHORN,;NOORD-HOLLAND
URSEM GEM SCHERMER,;NOORD-HOLLAND
STOMPETOREN,;NOORD-HOLLAND
OTERLEEK,;NOORD-HOLLAND
GROOTSCHERMER,;NOORD-HOLLAND
DRIEHUIZEN,;NOORD-HOLLAND
ZUIDSCHERMER,;NOORD-HOLLAND
SCHERPENZEEL GLD,;GELDERLAND
SCHIEDAM,;ZUID-HOLLAND
SCHIERMONNIKOOG,;FRIESLAND
SCHIJNDEL,;NOORD-BRABANT
PUTH,;LIMBURG
SWEIKHUIZEN,;LIMBURG
SCHINNEN,;LIMBURG
AMSTENRADE,;LIMBURG
OIRSBEEK,;LIMBURG
DOENRADE,;LIMBURG
SCHOONHOVEN,;ZUID-HOLLAND
ZIERIKZEE,;ZEELAND
OUWERKERK,;ZEELAND
NIEUWERKERK,;ZEELAND
OOSTERLAND,;ZEELAND
SIRJANSLAND,;ZEELAND
BRUINISSE,;ZEELAND
DREISCHOR,;ZEELAND
ZONNEMAIRE,;ZEELAND
NOORDGOUWE,;ZEELAND
BROUWERSHAVEN,;ZEELAND
KERKWERVE,;ZEELAND
SCHARENDIJKE,;ZEELAND
ELLEMEET,;ZEELAND
RENESSE,;ZEELAND
NOORDWELLE,;ZEELAND
SEROOSKERKE SCHOUWEN,;ZEELAND
BURGH HAAMSTEDE,;ZEELAND
SEVENUM,;LIMBURG
KRONENBERG,;LIMBURG
EVERTSOORD,;LIMBURG
BOCHOLTZ,;LIMBURG
BANEHEIDE,;LIMBURG
SIMPELVELD,;LIMBURG
LANDHORST,;NOORD-BRABANT
WANROIJ,;NOORD-BRABANT
RYKEVOORT-DE WALSERT,;NOORD-BRABANT
OPLOO,;NOORD-BRABANT
WESTERBEEK,;NOORD-BRABANT
STEVENSBEEK,;NOORD-BRABANT
SINT ANTHONIS,;NOORD-BRABANT
LEDEACKER,;NOORD-BRABANT
BERLICUM NB,;NOORD-BRABANT
SINT MICHIELSGESTEL,;NOORD-BRABANT
DEN DUNGEN,;NOORD-BRABANT
GEMONDE,;NOORD-BRABANT
SINT OEDENRODE,;NOORD-BRABANT
BORN,;LIMBURG
BUCHTEN,;LIMBURG
HOLTUM,;LIMBURG
PAPENHOVEN,;LIMBURG
OBBICHT,;LIMBURG
GREVENBICHT,;LIMBURG
SITTARD,;LIMBURG
LIMBRICHT,;LIMBURG
EINIGHAUSEN,;LIMBURG
GUTTECOVEN,;LIMBURG
MUNSTERGELEEN,;LIMBURG
WINDRAAK,;LIMBURG
GELEEN,;LIMBURG
ROTTUM FR,;FRIESLAND
ROTSTERGAAST,;FRIESLAND
ROTSTERHAULE,;FRIESLAND
SINTJOHANNESGA,;FRIESLAND
OUDEHASKE,;FRIESLAND
NIJEHASKE,;FRIESLAND
VEGELINSOORD,;FRIESLAND
HASKERDIJKEN,;FRIESLAND
NIEUWEBRUG,;FRIESLAND
JOURE,;FRIESLAND
SNIKZWAAG,;FRIESLAND
HASKERHORNE,;FRIESLAND
ROHEL,;FRIESLAND
GOINGARIJP,;FRIESLAND
BROEK FR,;FRIESLAND
OUWSTERHAULE,;FRIESLAND
OUWSTER NIJEGA,;FRIESLAND
OLDEOUWER,;FRIESLAND
DONIAGA,;FRIESLAND
SCHARSTERBRUG,;FRIESLAND
SINT NICOLAASGA,;FRIESLAND
TJERKGAAST,;FRIESLAND
IDSKENHUIZEN,;FRIESLAND
TEROELE,;FRIESLAND
LANGWEER,;FRIESLAND
BOORNZWAAG,;FRIESLAND
LEGEMEER,;FRIESLAND
DIJKEN,;FRIESLAND
AKMARIJP,;FRIESLAND
TERKAPLE,;FRIESLAND
SLIEDRECHT,;ZUID-HOLLAND
KOLHAM,;GRONINGEN
SCHARMER,;GRONINGEN
HARKSTEDE,;GRONINGEN
WOUDBLOEM,;GRONINGEN
FROOMBOSCH,;GRONINGEN
SLOCHTEREN,;GRONINGEN
LAGELAND,;GRONINGEN
LUDDEWEER,;GRONINGEN
OVERSCHILD,;GRONINGEN
SCHILDWOLDE,;GRONINGEN
HELLUM,;GRONINGEN
SIDDEBUREN,;GRONINGEN
STEENDAM,;GRONINGEN
TJUCHEM,;GRONINGEN
OOSTBURG,;ZEELAND
GROEDE,;ZEELAND
NIEUWVLIET,;ZEELAND
ZUIDZANDE,;ZEELAND
CADZAND,;ZEELAND
SCHOONDIJKE,;ZEELAND
WATERLANDKERKJE,;ZEELAND
BRESKENS,;ZEELAND
HOOFDPLAAT,;ZEELAND
IJZENDIJKE,;ZEELAND
BIERVLIET,;ZEELAND
SLUIS,;ZEELAND
RETRANCHEMENT,;ZEELAND
AARDENBURG,;ZEELAND
SINT KRUIS,;ZEELAND
EEDE ZLD,;ZEELAND
GOENGAHUIZEN,;FRIESLAND
DRACHTEN,;FRIESLAND
KORTEHEMMEN,;FRIESLAND
BOORNBERGUM,;FRIESLAND
DE WILGEN,;FRIESLAND
SMALLE EE,;FRIESLAND
DE VEENHOOP,;FRIESLAND
OUDEGA GEM SMALLINGERLND,;FRIESLAND
NIJEGA,;FRIESLAND
OPEINDE,;FRIESLAND
DE TIKE,;FRIESLAND
ROTTEVALLE,;FRIESLAND
DRACHTSTERCOMPAGNIE,;FRIESLAND
HOUTIGEHAGE,;FRIESLAND
SNEEK,;FRIESLAND
OFFINGAWIER,;FRIESLAND
LOENGA,;FRIESLAND
YSBRECHTUM,;FRIESLAND
SOEST,;UTRECHT
SOESTERBERG,;UTRECHT
SOMEREN,;NOORD-BRABANT
LIEROP,;NOORD-BRABANT
SON,;NOORD-BRABANT
BREUGEL,;NOORD-BRABANT
SPIJKENISSE,;ZUID-HOLLAND
HEKELINGEN,;ZUID-HOLLAND
STADSKANAAL,;GRONINGEN
MUSSELKANAAL,;GRONINGEN
MUSSEL,;GRONINGEN
VLEDDERVEEN GN,;GRONINGEN
ONSTWEDDE,;GRONINGEN
PUNTHORST,;OVERIJSSEL
STAPHORST,;OVERIJSSEL
ROUVEEN,;OVERIJSSEL
IJHORST,;OVERIJSSEL
BOVENKARSPEL,;NOORD-HOLLAND
GROOTEBROEK,;NOORD-HOLLAND
LUTJEBROEK,;NOORD-HOLLAND
STEENBERGEN NB,;NOORD-BRABANT
DE HEEN,;NOORD-BRABANT
DINTELOORD,;NOORD-BRABANT
NIEUW VOSSEMEER,;NOORD-BRABANT
KRUISLAND,;NOORD-BRABANT
WANNEPERVEEN,;OVERIJSSEL
BELT SCHUTSLOOT,;OVERIJSSEL
VOLLENHOVE,;OVERIJSSEL
SINT JANSKLOOSTER,;OVERIJSSEL
STEENWIJK,;OVERIJSSEL
TUK,;OVERIJSSEL
WITTE PAARDEN,;OVERIJSSEL
BAARS,;OVERIJSSEL
DE POL,;OVERIJSSEL
WILLEMSOORD,;OVERIJSSEL
MARIJENKAMPEN,;OVERIJSSEL
STEENWIJKERWOLD,;OVERIJSSEL
BASSE,;OVERIJSSEL
ZUIDVEEN,;OVERIJSSEL
ONNA,;OVERIJSSEL
KALLENKOTE,;OVERIJSSEL
DE BULT,;OVERIJSSEL
EESVEEN,;OVERIJSSEL
GIETHOORN,;OVERIJSSEL
BLOKZIJL,;OVERIJSSEL
IJSSELHAM,;OVERIJSSEL
NEDERLAND,;OVERIJSSEL
WETERING,;OVERIJSSEL
SCHEERWOLDE,;OVERIJSSEL
BAARLO OV,;OVERIJSSEL
BLANKENHAM,;OVERIJSSEL
KUINRE,;OVERIJSSEL
OLDEMARKT,;OVERIJSSEL
OSSENZIJL,;OVERIJSSEL
KALENBERG,;OVERIJSSEL
PAASLOO,;OVERIJSSEL
URMOND,;LIMBURG
STEIN LB,;LIMBURG
ELSLOO LB,;LIMBURG
STRIJEN,;ZUID-HOLLAND
STRIJENSAS,;ZUID-HOLLAND
MOOKHOEK,;ZUID-HOLLAND
TEN BOER,;GRONINGEN
TEN POST,;GRONINGEN
WINNEWEER,;GRONINGEN
LELLENS,;GRONINGEN
WOLTERSUM,;GRONINGEN
SINT ANNEN,;GRONINGEN
THESINGE,;GRONINGEN
GARMERWOLDE,;GRONINGEN
TERNEUZEN,;ZEELAND
SPUI,;ZEELAND
SLUISKIL,;ZEELAND
HOEK,;ZEELAND
ZAAMSLAG,;ZEELAND
SAS VAN GENT,;ZEELAND
PHILIPPINE,;ZEELAND
WESTDORPE,;ZEELAND
AXEL,;ZEELAND
ZUIDDORPE,;ZEELAND
OVERSLAG,;ZEELAND
KOEWACHT,;ZEELAND
TERSCHELLING WEST,;FRIESLAND
TERSCHELLING HEE,;FRIESLAND
TERSCHELLING KAART,;FRIESLAND
TERSCHELLING BAAIDUINEN,;FRIESLAND
TERSCHELLING KINNUM,;FRIESLAND
TERSCHELLING MIDSLAND,;FRIESLAND
TERSCHELLING SEERYP,;FRIESLAND
TERSCHELLING LANDERUM,;FRIESLAND
TERSCHELLING FORMERUM,;FRIESLAND
TERSCHELLING LIES,;FRIESLAND
TERSCHELLING HOORN,;FRIESLAND
TERSCHELLING OOSTEREND,;FRIESLAND
DEN BURG,;NOORD-HOLLAND
OUDESCHILD,;NOORD-HOLLAND
DE WAAL,;NOORD-HOLLAND
OOSTEREND NH,;NOORD-HOLLAND
DE COCKSDORP,;NOORD-HOLLAND
DE KOOG,;NOORD-HOLLAND
DEN HOORN TEXEL,;NOORD-HOLLAND
SASSENHEIM,;ZUID-HOLLAND
VOORHOUT,;ZUID-HOLLAND
WARMOND,;ZUID-HOLLAND
SINT PHILIPSLAND,;ZEELAND
THOLEN,;ZEELAND
POORTVLIET,;ZEELAND
SCHERPENISSE,;ZEELAND
SINT MAARTENSDIJK,;ZEELAND
STAVENISSE,;ZEELAND
SINT ANNALAND,;ZEELAND
OUD VOSSEMEER,;ZEELAND
TIEL,;GELDERLAND
KAPEL AVEZAATH,;GELDERLAND
WADENOIJEN,;GELDERLAND
KERK AVEZAATH TIEL,;GELDERLAND
ZENNEWIJNEN,;GELDERLAND
TILBURG,;NOORD-BRABANT
BERKEL-ENSCHOT,;NOORD-BRABANT
UDENHOUT,;NOORD-BRABANT
MARIAPAROCHIE,;OVERIJSSEL
HARBRINKHOEK,;OVERIJSSEL
TUBBERGEN,;OVERIJSSEL
VASSE,;OVERIJSSEL
HEZINGEN,;OVERIJSSEL
MANDER,;OVERIJSSEL
MANDERVEEN,;OVERIJSSEL
ALBERGEN,;OVERIJSSEL
FLERINGEN,;OVERIJSSEL
REUTUM,;OVERIJSSEL
HAARLE GEM TUBBERGEN,;OVERIJSSEL
GEESTEREN OV,;OVERIJSSEL
LANGEVEEN,;OVERIJSSEL
VRIEZENVEEN,;OVERIJSSEL
BRUINEHAAR,;OVERIJSSEL
WESTERHAAR-VRIEZENV WIJK,;OVERIJSSEL
VROOMSHOOP,;OVERIJSSEL
DEN HAM OV,;OVERIJSSEL
ZUIDLAREN,;DRENTHE
DE GROEVE,;DRENTHE
ZUIDLAARDERVEEN,;DRENTHE
MIDLAREN,;DRENTHE
VRIES,;DRENTHE
TYNAARLO,;DRENTHE
ZEEGSE,;DRENTHE
OUDEMOLEN DR,;DRENTHE
TAARLO,;DRENTHE
ZEIJEN,;DRENTHE
DE PUNT,;DRENTHE
YDE,;DRENTHE
WINDE,;DRENTHE
BUNNE,;DRENTHE
DONDEREN,;DRENTHE
EELDE,;DRENTHE
PATERSWOLDE,;DRENTHE
EELDERWOLDE,;DRENTHE
GYTSJERK,;FRIESLAND
OENTSJERK,;FRIESLAND
MUNEIN,;FRIESLAND
ALDTSJERK,;FRIESLAND
WYNS,;FRIESLAND
BURGUM,;FRIESLAND
HURDEGARYP,;FRIESLAND
TYTSJERK,;FRIESLAND
RYPTSJERK,;FRIESLAND
NOARDBURGUM,;FRIESLAND
JISTRUM,;FRIESLAND
EASTERMAR,;FRIESLAND
SUMAR,;FRIESLAND
GARYP,;FRIESLAND
EARNEWALD,;FRIESLAND
SUWALD,;FRIESLAND
BEEK UBBERGEN,;GELDERLAND
UBBERGEN,;GELDERLAND
PERSINGEN,;GELDERLAND
OOIJ,;GELDERLAND
ERLECOM,;GELDERLAND
LEUTH,;GELDERLAND
KEKERDOM,;GELDERLAND
UDEN,;NOORD-BRABANT
VOLKEL,;NOORD-BRABANT
ODILIAPEEL,;NOORD-BRABANT
UITGEEST,;NOORD-HOLLAND
UITHOORN,;NOORD-HOLLAND
DE KWAKEL,;NOORD-HOLLAND
URK,;FLEVOLAND
VLEUTEN,;UTRECHT
DE MEERN,;UTRECHT
HAARZUILENS,;UTRECHT
UTRECHT,;UTRECHT
DOORN,;UTRECHT
MAARN,;UTRECHT
MAARSBERGEN,;UTRECHT
LEERSUM,;UTRECHT
AMERONGEN,;UTRECHT
OVERBERG,;UTRECHT
DRIEBERGEN-RIJSENBURG,;UTRECHT
VAALS,;LIMBURG
VIJLEN,;LIMBURG
LEMIERS,;LIMBURG
VALKENBURG LB,;LIMBURG
SCHIN OP GEUL,;LIMBURG
BERG EN TERBLIJT,;LIMBURG
WALEM,;LIMBURG
VALKENSWAARD,;NOORD-BRABANT
VEENDAM,;GRONINGEN
WILDERVANK,;GRONINGEN
VEENENDAAL,;UTRECHT
VEERE,;ZEELAND
GAPINGE,;ZEELAND
SEROOSKERKE WALCHEREN,;ZEELAND
VROUWENPOLDER,;ZEELAND
OOSTKAPELLE,;ZEELAND
DOMBURG,;ZEELAND
WESTKAPELLE,;ZEELAND
AAGTEKERKE,;ZEELAND
GRIJPSKERKE,;ZEELAND
MELISKERKE,;ZEELAND
KOUDEKERKE,;ZEELAND
BIGGEKERKE,;ZEELAND
ZOUTELANDE,;ZEELAND
VEGHEL,;NOORD-BRABANT
ERP,;NOORD-BRABANT
VELDHOVEN,;NOORD-BRABANT
VELSEN-NOORD,;NOORD-HOLLAND
IJMUIDEN,;NOORD-HOLLAND
VELSEN-ZUID,;NOORD-HOLLAND
DRIEHUIS NH,;NOORD-HOLLAND
VELSERBROEK,;NOORD-HOLLAND
SANTPOORT-NOORD,;NOORD-HOLLAND
SANTPOORT-ZUID,;NOORD-HOLLAND
VENLO,;LIMBURG
TEGELEN,;LIMBURG
STEIJL,;LIMBURG
BELFELD,;LIMBURG
VENRAY,;LIMBURG
OOSTRUM LB,;LIMBURG
OIRLO,;LIMBURG
LEUNEN,;LIMBURG
CASTENRAY,;LIMBURG
HEIDE,;LIMBURG
YSSELSTEYN LB,;LIMBURG
VEULEN,;LIMBURG
MERSELO,;LIMBURG
VREDEPEEL,;LIMBURG
SMAKT,;LIMBURG
OSSENWAARD UT,;UTRECHT
EVERDINGEN,;UTRECHT
ZIJDERVELD,;UTRECHT
HAGESTEIN,;UTRECHT
VIANEN UT,;UTRECHT
VLAARDINGEN,;ZUID-HOLLAND
VLAGTWEDDE,;GRONINGEN
BOURTANGE,;GRONINGEN
SELLINGEN,;GRONINGEN
TER APEL,;GRONINGEN
TER APELKANAAL,;GRONINGEN
VLIELAND,;FRIESLAND
VLISSINGEN,;ZEELAND
OOST-SOUBURG,;ZEELAND
RITTHEM,;ZEELAND
STOLWIJK,;ZUID-HOLLAND
HAASTRECHT,;ZUID-HOLLAND
VLIST,;ZUID-HOLLAND
RANSDAAL,;LIMBURG
KLIMMEN,;LIMBURG
VOERENDAAL,;LIMBURG
VOORSCHOTEN,;ZUID-HOLLAND
VOORST GEM VOORST,;GELDERLAND
WILP GLD,;GELDERLAND
TWELLO,;GELDERLAND
TEUGE,;GELDERLAND
TERWOLDE,;GELDERLAND
NIJBROEK,;GELDERLAND
STEENENKAMER,;GELDERLAND
VUGHT,;NOORD-BRABANT
CROMVOIRT,;NOORD-BRABANT
WAALRE,;NOORD-BRABANT
WAALWIJK,;NOORD-BRABANT
SPRANG-CAPELLE,;NOORD-BRABANT
WASPIK,;NOORD-BRABANT
WADDINXVEEN,;ZUID-HOLLAND
WAGENINGEN,;GELDERLAND
WASSENAAR,;ZUID-HOLLAND
MONNICKENDAM,;NOORD-HOLLAND
KATWOUDE,;NOORD-HOLLAND
BROEK IN WATERLAND,;NOORD-HOLLAND
ZUIDERWOUDE,;NOORD-HOLLAND
UITDAM,;NOORD-HOLLAND
MARKEN,;NOORD-HOLLAND
ILPENDAM,;NOORD-HOLLAND
WATERGANG,;NOORD-HOLLAND
WEERT,;LIMBURG
STRAMPROY,;LIMBURG
WEESP,;NOORD-HOLLAND
WERKENDAM,;NOORD-BRABANT
SLEEUWIJK,;NOORD-BRABANT
NIEUWENDIJK NB,;NOORD-BRABANT
DUSSEN,;NOORD-BRABANT
HANK,;NOORD-BRABANT
WERVERSHOOF,;NOORD-HOLLAND
DREUMEL,;GELDERLAND
ALPHEN GLD,;GELDERLAND
MAASBOMMEL,;GELDERLAND
ALTFORST,;GELDERLAND
APPELTERN,;GELDERLAND
BOVEN LEEUWEN,;GELDERLAND
BENEDEN LEEUWEN,;GELDERLAND
WAMEL,;GELDERLAND
HAVELTE,;DRENTHE
DARP,;DRENTHE
HAVELTERBERG,;DRENTHE
UFFELTE,;DRENTHE
DIEVER,;DRENTHE
WAPSE,;DRENTHE
DIEVERBRUG,;DRENTHE
GEEUWENBRUG,;DRENTHE
WITTELTE,;DRENTHE
DWINGELOO,;DRENTHE
WAPSERVEEN,;DRENTHE
VLEDDER,;DRENTHE
FREDERIKSOORD,;DRENTHE
NIJENSLEEK,;DRENTHE
WILHELMINAOORD,;DRENTHE
VLEDDERVEEN DR,;DRENTHE
DOLDERSUM,;DRENTHE
BOSCHOORD,;DRENTHE
ZORGVLIED,;DRENTHE
WATEREN,;DRENTHE
OUDE WILLEM,;DRENTHE
WESTERVOORT,;GELDERLAND
WATERINGEN,;ZUID-HOLLAND
KWINTSHEUL,;ZUID-HOLLAND
NAALDWIJK,;ZUID-HOLLAND
HONSELERSDIJK,;ZUID-HOLLAND
MAASDIJK,;ZUID-HOLLAND
DE LIER,;ZUID-HOLLAND
MONSTER,;ZUID-HOLLAND
TER HEIJDE,;ZUID-HOLLAND
POELDIJK,;ZUID-HOLLAND
'S-GRAVENZANDE,;ZUID-HOLLAND
OOSTERSTREEK,;FRIESLAND
ZANDHUIZEN,;FRIESLAND
NOORDWOLDE FR,;FRIESLAND
BOIJL,;FRIESLAND
VINKEGA,;FRIESLAND
DE HOEVE,;FRIESLAND
STEGGERDA,;FRIESLAND
PEPERGA,;FRIESLAND
DE BLESSE,;FRIESLAND
BLESDIJKE,;FRIESLAND
WOLVEGA,;FRIESLAND
OLDEHOLTPADE,;FRIESLAND
NIJEHOLTPADE,;FRIESLAND
TER IDZARD,;FRIESLAND
OLDEHOLTWOLDE,;FRIESLAND
SONNEGA,;FRIESLAND
OLDETRIJNE,;FRIESLAND
NIJETRIJNE,;FRIESLAND
SPANGA,;FRIESLAND
SCHERPENZEEL FR,;FRIESLAND
LANGELILLE,;FRIESLAND
MUNNEKEBUREN,;FRIESLAND
OLDELAMER,;FRIESLAND
NIJELAMER,;FRIESLAND
NIJEHOLTWOLDE,;FRIESLAND
SLIJKENBURG,;FRIESLAND
OOSTVOORNE,;ZUID-HOLLAND
TINTE,;ZUID-HOLLAND
ROCKANJE,;ZUID-HOLLAND
ZUNA,;OVERIJSSEL
NOTTER,;OVERIJSSEL
ENTER,;OVERIJSSEL
WIERDEN,;OVERIJSSEL
HOGE HEXEL,;OVERIJSSEL
HIPPOLYTUSHOEF,;NOORD-HOLLAND
WESTERLAND,;NOORD-HOLLAND
DEN OEVER,;NOORD-HOLLAND
WIERINGERWERF,;NOORD-HOLLAND
KREILEROORD,;NOORD-HOLLAND
SLOOTDORP,;NOORD-HOLLAND
MIDDENMEER,;NOORD-HOLLAND
WIJCHEN,;GELDERLAND
NIFTRIK,;GELDERLAND
BALGOIJ,;GELDERLAND
LEUR,;GELDERLAND
HERNEN,;GELDERLAND
BERGHAREN,;GELDERLAND
BATENBURG,;GELDERLAND
LOOSDRECHT,;NOORD-HOLLAND
KORTENHOEF,;NOORD-HOLLAND
'S-GRAVELAND,;NOORD-HOLLAND
ANKEVEEN,;NOORD-HOLLAND
NEDERHORST DEN BERG,;NOORD-HOLLAND
BREUKELEVEEN,;NOORD-HOLLAND
COTHEN,;UTRECHT
LANGBROEK,;UTRECHT
WIJK BIJ DUURSTEDE,;UTRECHT
WINSCHOTEN,;GRONINGEN
SAUWERD,;GRONINGEN
WETSINGE,;GRONINGEN
ADORP,;GRONINGEN
EZINGE,;GRONINGEN
FEERWERD,;GRONINGEN
GARNWERD,;GRONINGEN
WINSUM GN,;GRONINGEN
BAFLO,;GRONINGEN
TINALLINGE,;GRONINGEN
RASQUERT,;GRONINGEN
DEN ANDEL,;GRONINGEN
SAAXUMHUIZEN,;GRONINGEN
WINTERSWIJK,;GELDERLAND
WINTERSWIJK MEDDO,;GELDERLAND
WINTERSWIJK HUPPEL,;GELDERLAND
WINTERSWIJK RATUM,;GELDERLAND
WINTERSWIJK KOTTEN,;GELDERLAND
WINTERSWIJK WOOLD,;GELDERLAND
WINTERSWIJK MISTE,;GELDERLAND
WINTERSWIJK HENXEL,;GELDERLAND
WINTERSWIJK BRINKHEURNE,;GELDERLAND
WINTERSWIJK CORLE,;GELDERLAND
HOOGERHEIDE,;NOORD-BRABANT
WOENSDRECHT,;NOORD-BRABANT
HUIJBERGEN,;NOORD-BRABANT
OSSENDRECHT,;NOORD-BRABANT
PUTTE,;NOORD-BRABANT
WOERDEN,;UTRECHT
KAMERIK,;UTRECHT
ZEGVELD,;UTRECHT
HARMELEN,;UTRECHT
WIJDEWORMER,;NOORD-HOLLAND
SPIJKERBOOR NH,;NOORD-HOLLAND
WORMER,;NOORD-HOLLAND
OOSTKNOLLENDAM,;NOORD-HOLLAND
JISP,;NOORD-HOLLAND
WOUDENBERG,;UTRECHT
ANDEL,;NOORD-BRABANT
GIESSEN,;NOORD-BRABANT
RIJSWIJK NB,;NOORD-BRABANT
WOUDRICHEM,;NOORD-BRABANT
ALMKERK,;NOORD-BRABANT
WAARDHUIZEN,;NOORD-BRABANT
UITWIJK,;NOORD-BRABANT
HARTWERD,;FRIESLAND
BURGWERD,;FRIESLAND
HICHTUM,;FRIESLAND
SCHETTENS,;FRIESLAND
LONGERHOUW,;FRIESLAND
SCHRAARD,;FRIESLAND
WONS,;FRIESLAND
WITMARSUM,;FRIESLAND
PINGJUM,;FRIESLAND
ZURICH,;FRIESLAND
KORNWERDERZAND,;FRIESLAND
CORNWERD,;FRIESLAND
MAKKUM FR,;FRIESLAND
IDSEGAHUIZUM,;FRIESLAND
PIAAM,;FRIESLAND
GAAST,;FRIESLAND
ALLINGAWIER,;FRIESLAND
EXMORRA,;FRIESLAND
FERWOUDE,;FRIESLAND
HIESLUM,;FRIESLAND
PARREGA,;FRIESLAND
DEDGUM,;FRIESLAND
TJERKWERD,;FRIESLAND
KIMSWERD,;FRIESLAND
ARUM,;FRIESLAND
LOLLUM,;FRIESLAND
KOUFURDERRIGE,;FRIESLAND
WOUDSEND,;FRIESLAND
SMALLEBRUGGE,;FRIESLAND
INDIJK,;FRIESLAND
YPECOLSGA,;FRIESLAND
GAASTMEER,;FRIESLAND
IDZEGA,;FRIESLAND
SANDFIRDEN,;FRIESLAND
OUDEGA GEM WYMBRITSERAD,;FRIESLAND
BLAUWHUIS,;FRIESLAND
WESTHEM,;FRIESLAND
ABBEGA,;FRIESLAND
OOSTHEM,;FRIESLAND
HEEG,;FRIESLAND
HOMMERTS,;FRIESLAND
JUTRIJP,;FRIESLAND
UITWELLINGERGA,;FRIESLAND
OPPENHUIZEN,;FRIESLAND
GAUW,;FRIESLAND
GOENGA,;FRIESLAND
SCHARNEGOUTUM,;FRIESLAND
TIRNS,;FRIESLAND
IJLST,;FRIESLAND
GREONTERP,;FRIESLAND
NIJLAND,;FRIESLAND
TJALHUIZUM,;FRIESLAND
FOLSGARE,;FRIESLAND
WOLSUM,;FRIESLAND
ZAANDAM,;NOORD-HOLLAND
WORMERVEER,;NOORD-HOLLAND
WESTKNOLLENDAM,;NOORD-HOLLAND
KOOG AAN DE ZAAN,;NOORD-HOLLAND
ZAANDIJK,;NOORD-HOLLAND
WESTZAAN,;NOORD-HOLLAND
KROMMENIE,;NOORD-HOLLAND
ASSENDELFT,;NOORD-HOLLAND
ZALTBOMMEL,;GELDERLAND
ZUILICHEM,;GELDERLAND
BRAKEL,;GELDERLAND
POEDEROIJEN,;GELDERLAND
AALST GLD,;GELDERLAND
GAMEREN,;GELDERLAND
NIEUWAAL,;GELDERLAND
BRUCHEM,;GELDERLAND
KERKWIJK,;GELDERLAND
DELWIJNEN,;GELDERLAND
NEDERHEMERT,;GELDERLAND
BERN,;GELDERLAND
ZANDVOORT,;NOORD-HOLLAND
BENTVELD,;NOORD-HOLLAND
HEI EN BOEICOP,;ZUID-HOLLAND
LEXMOND,;ZUID-HOLLAND
MEERKERK,;ZUID-HOLLAND
AMEIDE,;ZUID-HOLLAND
TIENHOVEN ZH,;ZUID-HOLLAND
NIEUWLAND,;ZUID-HOLLAND
LEERBROEK,;ZUID-HOLLAND
KWADIJK,;NOORD-HOLLAND
MIDDELIE,;NOORD-HOLLAND
WARDER,;NOORD-HOLLAND
OOSTHUIZEN,;NOORD-HOLLAND
BEETS NH,;NOORD-HOLLAND
SCHARDAM,;NOORD-HOLLAND
HOBREDE,;NOORD-HOLLAND
ZEEWOLDE,;FLEVOLAND
ZEIST,;UTRECHT
AUSTERLITZ,;UTRECHT
HUIS TER HEIDE UT,;UTRECHT
DEN DOLDER,;UTRECHT
BOSCH EN DUIN,;UTRECHT
ZEVENAAR,;GELDERLAND
BABBERICH,;GELDERLAND
ANGERLO,;GELDERLAND
GIESBEEK,;GELDERLAND
LATHUM,;GELDERLAND
MOERKAPELLE,;ZUID-HOLLAND
ZEVENHUIZEN ZH,;ZUID-HOLLAND
SCHAGERBRUG,;NOORD-HOLLAND
SINT MAARTENSBRUG,;NOORD-HOLLAND
SINT MAARTENSVLOTBRUG,;NOORD-HOLLAND
BURGERBRUG,;NOORD-HOLLAND
PETTEN,;NOORD-HOLLAND
'T ZAND NH,;NOORD-HOLLAND
OUDESLUIS,;NOORD-HOLLAND
CALLANTSOOG,;NOORD-HOLLAND
ZOETERMEER,;ZUID-HOLLAND
ZOETERWOUDE,;ZUID-HOLLAND
GELDERSWOUDE,;ZUID-HOLLAND
ZUIDHORN,;GRONINGEN
NOORDHORN,;GRONINGEN
BRILTIL,;GRONINGEN
ADUARD,;GRONINGEN
DEN HORN,;GRONINGEN
DEN HAM GN,;GRONINGEN
NIEZIJL,;GRONINGEN
GRIJPSKERK,;GRONINGEN
PIETERZIJL,;GRONINGEN
VISVLIET,;GRONINGEN
KOMMERZIJL,;GRONINGEN
OLDEHOVE,;GRONINGEN
NIEHOVE,;GRONINGEN
LAUWERZIJL,;GRONINGEN
SAAKSUM,;GRONINGEN
ZUNDERT,;NOORD-BRABANT
WERNHOUT,;NOORD-BRABANT
ACHTMAAL,;NOORD-BRABANT
RIJSBERGEN,;NOORD-BRABANT
ZUTPHEN,;GELDERLAND
WARNSVELD,;GELDERLAND
HASSELT,;OVERIJSSEL
ZWARTSLUIS,;OVERIJSSEL
GENEMUIDEN,;OVERIJSSEL
HEERJANSDAM,;ZUID-HOLLAND
ZWIJNDRECHT,;ZUID-HOLLAND
ZWOLLE,;OVERIJSSEL
